"","tracking_event","Date_Time","Latitude","Longitude","BirdId","trip_id"
"1","280132_1",2018-11-26 18:59:57,14.970966,-24.637078,"280132","280132_1"
"2","280132_1",2018-11-28 01:00:00,14.9247492113838,-24.758876437192,"280132","280132_1"
"3","280132_1",2018-11-28 03:00:00,14.9644865776311,-25.2864858130087,"280132","280132_1"
"4","280132_1",2018-11-28 05:00:00,15.0605130106147,-25.6681030063501,"280132","280132_1"
"5","280132_1",2018-11-28 07:00:00,15.2024424197255,-26.0223053715256,"280132","280132_1"
"6","280132_1",2018-11-28 09:00:00,15.3417346756717,-26.2757113911111,"280132","280132_1"
"7","280132_1",2018-11-28 11:00:00,15.4650462448064,-26.5115044915843,"280132","280132_1"
"8","280132_1",2018-11-28 13:00:00,15.5856514895762,-26.7225896486277,"280132","280132_1"
"9","280132_1",2018-11-28 15:00:00,15.7204755688719,-26.9640059384698,"280132","280132_1"
"10","280132_1",2018-11-28 17:00:00,15.797847502143,-27.0749168175637,"280132","280132_1"
"11","280132_1",2018-11-28 19:00:00,15.9959970047491,-27.3555799612979,"280132","280132_1"
"12","280132_1",2018-11-28 21:00:00,16.1332911117251,-27.6106498622415,"280132","280132_1"
"13","280132_1",2018-11-28 23:00:00,16.2591069482835,-27.8666290967285,"280132","280132_1"
"14","280132_1",2018-11-29 01:00:00,16.4334804142901,-28.0842264419492,"280132","280132_1"
"15","280132_1",2018-11-29 03:00:00,16.6177751736913,-28.2850057707784,"280132","280132_1"
"16","280132_1",2018-11-29 05:00:00,16.8385396427064,-28.4939450208176,"280132","280132_1"
"17","280132_1",2018-11-29 07:00:00,17.0786466791008,-28.7149984023885,"280132","280132_1"
"18","280132_1",2018-11-29 09:00:00,17.3446257710072,-28.9419940352211,"280132","280132_1"
"19","280132_1",2018-11-29 11:00:00,17.3333058217825,-28.9539011746069,"280132","280132_1"
"20","280132_1",2018-11-29 13:00:00,17.564314137142,-29.1804769249786,"280132","280132_1"
"21","280132_1",2018-11-29 15:00:00,17.6067537232975,-29.2702699320267,"280132","280132_1"
"22","280132_1",2018-11-29 17:00:00,17.2629271985769,-29.1261289773487,"280132","280132_1"
"23","280132_1",2018-11-29 19:00:00,16.9203687577147,-28.9829312366581,"280132","280132_1"
"24","280132_1",2018-11-29 21:00:00,16.6413124326551,-28.917370785597,"280132","280132_1"
"25","280132_1",2018-11-29 23:00:00,16.4017184090181,-28.8391172614924,"280132","280132_1"
"26","280132_1",2018-11-30 01:00:00,16.1867572538985,-28.7564550388264,"280132","280132_1"
"27","280132_1",2018-11-30 03:00:00,15.9709870343512,-28.6593960362349,"280132","280132_1"
"28","280132_1",2018-11-30 05:00:00,15.7590075344435,-28.5363049080115,"280132","280132_1"
"29","280132_1",2018-11-30 07:00:00,15.5185255844595,-28.370555968848,"280132","280132_1"
"30","280132_1",2018-11-30 09:00:00,15.3069285968015,-28.1626201250682,"280132","280132_1"
"31","280132_1",2018-11-30 11:00:00,15.1654123502467,-28.0324409177134,"280132","280132_1"
"32","280132_1",2018-11-30 13:00:00,15.072340853793,-27.9308122361499,"280132","280132_1"
"33","280132_1",2018-11-30 15:00:00,14.9027957875076,-27.7829282636828,"280132","280132_1"
"34","280132_1",2018-11-30 17:00:00,14.6793369508226,-27.5388680953157,"280132","280132_1"
"35","280132_1",2018-11-30 19:00:00,14.4437002482262,-27.293319907874,"280132","280132_1"
"36","280132_1",2018-11-30 21:00:00,14.2104485836017,-27.1167454767444,"280132","280132_1"
"37","280132_1",2018-11-30 23:00:00,13.9686644027704,-26.9052336193943,"280132","280132_1"
"38","280132_1",2018-12-01 01:00:00,13.7447198760492,-26.6640235028383,"280132","280132_1"
"39","280132_1",2018-12-01 03:00:00,13.5517491973637,-26.4340770573366,"280132","280132_1"
"40","280132_1",2018-12-01 05:00:00,13.4308072108619,-26.2101078885194,"280132","280132_1"
"41","280132_1",2018-12-01 07:00:00,13.3243761964776,-26.0005839037495,"280132","280132_1"
"42","280132_1",2018-12-01 09:00:00,13.1146658507661,-25.7601726105283,"280132","280132_1"
"43","280132_1",2018-12-01 11:00:00,12.9702909494858,-25.5735540860206,"280132","280132_1"
"44","280132_1",2018-12-01 13:00:00,13.0454894698958,-25.5593130205014,"280132","280132_1"
"45","280132_1",2018-12-01 15:00:00,13.2774821942441,-25.6517468450172,"280132","280132_1"
"46","280132_1",2018-12-01 17:00:00,13.3764717375879,-25.6617063825532,"280132","280132_1"
"47","280132_1",2018-12-01 19:00:00,13.3774901606205,-25.5376397497452,"280132","280132_1"
"48","280132_1",2018-12-01 21:00:00,13.345677564399,-25.3124647256801,"280132","280132_1"
"49","280132_1",2018-12-01 23:00:00,13.1812271477253,-25.0632923988511,"280132","280132_1"
"50","280132_1",2018-12-02 01:00:00,13.0723765655531,-24.9305602131358,"280132","280132_1"
"51","280132_1",2018-12-02 03:00:00,13.050910491648,-24.9031828845413,"280132","280132_1"
"52","280132_1",2018-12-02 05:00:00,12.9619001859706,-24.7074116024734,"280132","280132_1"
"53","280132_1",2018-12-02 07:00:00,12.9142123125512,-24.484274506833,"280132","280132_1"
"54","280132_1",2018-12-02 09:00:00,13.0489106395866,-24.4513822861676,"280132","280132_1"
"55","280132_1",2018-12-02 11:00:00,13.302332408321,-24.5943530628472,"280132","280132_1"
"56","280132_1",2018-12-02 13:00:00,13.5783388401077,-24.7699687992881,"280132","280132_1"
"57","280132_1",2018-12-02 15:00:00,13.7644200974721,-24.8412840355808,"280132","280132_1"
"58","280132_1",2018-12-02 17:00:00,13.9171693907019,-24.7297187638487,"280132","280132_1"
"59","280132_1",2018-12-02 19:00:00,14.1201729074993,-24.6410531601256,"280132","280132_1"
"60","280132_1",2018-12-02 21:00:00,14.3948129563107,-24.6214033447244,"280132","280132_1"
"61","280132_1",2018-12-02 23:00:00,14.7816551375821,-24.5205700211135,"280132","280132_1"
"62","280136_1",2018-12-21 18:59:44,14.970967,-24.636848,"280136","280136_1"
"63","280136_1",2018-12-29 20:59:40,14.9318870282618,-24.6235360094689,"280136","280136_1"
"64","280136_1",2018-12-30 04:59:41,14.8439065229163,-24.5945125065995,"280136","280136_1"
"65","280136_1",2018-12-30 06:59:41,14.4580948520963,-24.4629401217845,"280136","280136_1"
"66","280136_1",2018-12-30 08:59:41,14.3015744745076,-24.3418196566394,"280136","280136_1"
"67","280136_1",2018-12-30 10:59:41,14.0801195459054,-24.209855651778,"280136","280136_1"
"68","280136_1",2018-12-30 12:59:41,14.0032123388586,-24.2379496990364,"280136","280136_1"
"69","280136_1",2018-12-30 14:59:41,14.0573638006908,-24.3546447360386,"280136","280136_1"
"70","280136_1",2018-12-30 16:59:41,14.2286010928187,-24.4882537258135,"280136","280136_1"
"71","280136_1",2018-12-30 18:59:41,14.2851671025094,-24.5651696390918,"280136","280136_1"
"72","280136_1",2018-12-30 20:59:41,14.6802995509117,-24.6119607740152,"280136","280136_1"
"73","280136_1",2018-12-30 22:59:41,14.9288607568566,-24.6312926542797,"280136","280136_1"
"74","280136_1",2018-12-31 20:59:47,14.8908242400573,-24.6073551521447,"280136","280136_1"
"75","280136_1",2018-12-31 22:59:47,14.8408122506376,-24.5917217826952,"280136","280136_1"
"76","280136_1",2019-01-01 00:59:47,14.6848860087558,-24.3449774608407,"280136","280136_1"
"77","280136_1",2019-01-01 02:59:47,14.5277870767187,-24.2081670710291,"280136","280136_1"
"78","280136_1",2019-01-01 04:59:47,14.4323014650792,-24.1769990514505,"280136","280136_1"
"79","280136_1",2019-01-01 06:59:47,14.4034473300135,-24.1845656452317,"280136","280136_1"
"80","280136_1",2019-01-01 08:59:47,14.2996132880006,-24.1788091661954,"280136","280136_1"
"81","280136_1",2019-01-01 10:59:47,13.9790606590623,-24.107728723136,"280136","280136_1"
"82","280136_1",2019-01-01 12:59:47,13.6313183424425,-23.9753322150087,"280136","280136_1"
"83","280136_1",2019-01-01 14:59:47,13.3915270181241,-23.8499940890888,"280136","280136_1"
"84","280136_1",2019-01-01 16:59:47,13.3185223164287,-23.8534360719996,"280136","280136_1"
"85","280136_1",2019-01-01 18:59:47,13.4709631575289,-24.107224229414,"280136","280136_1"
"86","280136_1",2019-01-01 20:59:47,13.4010013970209,-24.0781517738464,"280136","280136_1"
"87","280136_1",2019-01-01 22:59:47,13.3064733733212,-23.9904111082522,"280136","280136_1"
"88","280136_1",2019-01-02 00:59:47,13.275297094188,-23.9861194829124,"280136","280136_1"
"89","280136_1",2019-01-02 02:59:47,13.3160289844866,-24.0845210334185,"280136","280136_1"
"90","280136_1",2019-01-02 04:59:47,13.437184094194,-24.30488400776,"280136","280136_1"
"91","280136_1",2019-01-02 06:59:47,13.5108560483625,-24.4616107176161,"280136","280136_1"
"92","280136_1",2019-01-02 08:59:47,13.3764506004358,-24.3779488293655,"280136","280136_1"
"93","280136_1",2019-01-02 10:59:47,13.1695042546469,-24.1635381034243,"280136","280136_1"
"94","280136_1",2019-01-02 12:59:47,13.0154281948367,-23.9788687290899,"280136","280136_1"
"95","280136_1",2019-01-02 14:59:47,12.9917620194886,-24.0217139823289,"280136","280136_1"
"96","280136_1",2019-01-02 16:59:47,13.0741822684217,-24.1972899506167,"280136","280136_1"
"97","280136_1",2019-01-02 18:59:47,13.2383679719148,-24.4110564077644,"280136","280136_1"
"98","280136_1",2019-01-02 20:59:47,13.3858594194995,-24.5629365633779,"280136","280136_1"
"99","280136_1",2019-01-02 22:59:47,13.6110873791699,-24.8165043495943,"280136","280136_1"
"100","280136_1",2019-01-03 00:59:47,13.7252592315197,-24.6394150287717,"280136","280136_1"
"101","280136_1",2019-01-03 02:59:47,13.7870088718009,-24.5103463898034,"280136","280136_1"
"102","280136_1",2019-01-03 12:59:42,13.9611665832264,-24.9082664712891,"280136","280136_1"
"103","280136_1",2019-01-03 14:59:42,14.1394716137605,-25.0585325661742,"280136","280136_1"
"104","280136_1",2019-01-03 16:59:42,14.3043604966677,-25.2191054648289,"280136","280136_1"
"105","280136_1",2019-01-03 18:59:42,14.5643989438979,-25.4303963237471,"280136","280136_1"
"106","280136_1",2019-01-03 20:59:42,14.8173234384944,-25.6375596225893,"280136","280136_1"
"107","280136_1",2019-01-03 22:59:42,14.9756731152699,-25.8886775069292,"280136","280136_1"
"108","280136_1",2019-01-04 00:59:42,14.9698774259822,-26.052122641375,"280136","280136_1"
"109","280136_1",2019-01-04 02:59:42,15.0487060391829,-26.1301201803834,"280136","280136_1"
"110","280136_1",2019-01-04 04:59:42,14.9887623416226,-26.1299610234888,"280136","280136_1"
"111","280136_1",2019-01-04 06:59:42,15.1650295115243,-26.2626095723079,"280136","280136_1"
"112","280136_1",2019-01-04 08:59:42,15.2194030526041,-26.314477627242,"280136","280136_1"
"113","280136_1",2019-01-04 10:59:42,15.2603112520006,-26.3352564500915,"280136","280136_1"
"114","280136_1",2019-01-04 12:59:42,15.3961304275266,-26.3747135785112,"280136","280136_1"
"115","280136_1",2019-01-04 14:59:42,15.3277255181594,-26.2735560623509,"280136","280136_1"
"116","280136_1",2019-01-04 16:59:42,15.1313104774906,-26.1038118871862,"280136","280136_1"
"117","280136_1",2019-01-04 18:59:42,14.9461047002778,-25.9270108084118,"280136","280136_1"
"118","280136_1",2019-01-04 20:59:42,14.6802549610154,-25.6951262096249,"280136","280136_1"
"119","280136_1",2019-01-04 22:59:42,14.5139111187014,-25.4710591070019,"280136","280136_1"
"120","280136_1",2019-01-05 00:59:42,14.5657567875606,-25.1580654794893,"280136","280136_1"
"121","280136_1",2019-01-05 02:59:42,14.7444371707552,-24.7784757433789,"280136","280136_1"
"122","280136_1",2019-01-05 04:59:42,14.7597598703981,-24.4291555290098,"280136","280136_1"
"123","280136_1",2019-01-05 06:59:42,14.6049605226821,-24.2686942600814,"280136","280136_1"
"124","280136_1",2019-01-05 08:59:42,14.2132344749106,-24.0078862277378,"280136","280136_1"
"125","280136_1",2019-01-05 10:59:42,14.1135558284515,-23.9847442086577,"280136","280136_1"
"126","280136_1",2019-01-05 12:59:42,14.0462123964209,-24.0758793663785,"280136","280136_1"
"127","280136_1",2019-01-05 14:59:42,14.0752807093162,-24.1679380750218,"280136","280136_1"
"128","280136_1",2019-01-05 16:59:42,14.1877675633375,-24.2476393382709,"280136","280136_1"
"129","280136_1",2019-01-05 18:59:42,14.4052318108787,-24.3330621353126,"280136","280136_1"
"130","280136_1",2019-01-05 20:59:42,14.7489322813512,-24.4423238370372,"280136","280136_1"
"131","280136_1",2019-01-05 22:59:42,14.8613212783859,-24.523414602907,"280136","280136_1"
"132","280136_1",2019-01-06 00:59:42,14.8699148150599,-24.5730540996252,"280136","280136_1"
"133","280136_1",2019-01-06 02:59:42,14.9020075377972,-24.5879809353248,"280136","280136_1"
"134","280136_1",2019-01-06 04:59:42,14.9170926001516,-24.6265747256875,"280136","280136_1"
"135","280136_1",2019-01-06 06:59:42,14.6489062739063,-24.3815023240777,"280136","280136_1"
"136","280136_1",2019-01-06 08:59:42,14.2564321414185,-24.1369939058076,"280136","280136_1"
"137","280136_1",2019-01-06 10:59:42,14.0189239162171,-23.9475911493964,"280136","280136_1"
"138","280136_1",2019-01-06 12:59:42,14.0249226141778,-24.0263391780111,"280136","280136_1"
"139","280136_1",2019-01-06 14:59:42,13.9365972286735,-24.0148247940077,"280136","280136_1"
"140","280136_1",2019-01-06 16:59:42,13.9210687796302,-24.0385281399583,"280136","280136_1"
"141","280136_1",2019-01-06 18:59:42,14.1457428594523,-24.223269610424,"280136","280136_1"
"142","280136_1",2019-01-06 20:59:42,14.4852637338155,-24.3928928936019,"280136","280136_1"
"143","280136_1",2019-01-06 22:59:42,14.7711716447658,-24.5114520816436,"280136","280136_1"
"144","280136_1",2019-01-07 00:59:42,14.8397833623025,-24.537613552343,"280136","280136_1"
"145","280136_1",2019-01-07 02:59:42,14.9198774943996,-24.6061401638665,"280136","280136_1"
"146","280136_1",2019-01-07 04:59:42,14.9384795913386,-24.6465393078182,"280136","280136_1"
"147","280136_1",2019-01-07 06:59:42,14.8224392560604,-24.588100242686,"280136","280136_1"
"148","280136_1",2019-01-07 08:59:42,14.4983099361349,-24.3601808907565,"280136","280136_1"
"149","280136_1",2019-01-07 10:59:42,14.161017756362,-24.1083209561587,"280136","280136_1"
"150","280136_1",2019-01-07 12:59:42,14.0067261971086,-23.9782484713212,"280136","280136_1"
"151","280136_1",2019-01-07 14:59:42,13.9000822428859,-23.9205380121759,"280136","280136_1"
"152","280136_1",2019-01-07 16:59:42,13.7189170005204,-23.8263704428556,"280136","280136_1"
"153","280136_1",2019-01-07 18:59:42,13.6405452611261,-23.8030245446679,"280136","280136_1"
"154","280136_1",2019-01-07 20:59:42,13.664843246543,-23.792173012288,"280136","280136_1"
"155","280136_1",2019-01-07 22:59:42,13.7912228980904,-23.7352388358162,"280136","280136_1"
"156","280136_1",2019-01-08 00:59:42,13.6658578610343,-23.4759500447624,"280136","280136_1"
"157","280136_1",2019-01-08 02:59:42,13.5859241981076,-23.2010783586871,"280136","280136_1"
"158","280136_1",2019-01-08 04:59:42,13.5121744911004,-22.9762374498063,"280136","280136_1"
"159","280136_1",2019-01-08 06:59:42,13.3859950651943,-22.7529390277088,"280136","280136_1"
"160","280136_1",2019-01-08 08:59:42,13.2095125589657,-22.5685258170181,"280136","280136_1"
"161","280136_1",2019-01-08 10:59:42,13.1208626797484,-22.4765535985865,"280136","280136_1"
"162","280136_1",2019-01-08 12:59:42,13.0842343333824,-22.4355944507476,"280136","280136_1"
"163","280136_1",2019-01-08 14:59:42,13.063600823676,-22.4040984176743,"280136","280136_1"
"164","280136_1",2019-01-08 16:59:42,13.0229266736977,-22.3405423017368,"280136","280136_1"
"165","280136_1",2019-01-08 18:59:42,13.0048669803439,-22.3078642121919,"280136","280136_1"
"166","280136_1",2019-01-08 20:59:42,13.0522122559384,-22.3692014204882,"280136","280136_1"
"167","280136_1",2019-01-08 22:59:42,13.207630255507,-22.5876119704499,"280136","280136_1"
"168","280136_1",2019-01-09 00:59:42,13.3065168198062,-22.6878642633848,"280136","280136_1"
"169","280136_1",2019-01-09 02:59:42,13.3831870779237,-22.7153720426479,"280136","280136_1"
"170","280136_1",2019-01-09 04:59:42,13.5268431507278,-22.8469851271488,"280136","280136_1"
"171","280136_1",2019-01-09 06:59:42,13.5709416588865,-22.9312928891908,"280136","280136_1"
"172","280136_1",2019-01-09 08:59:42,13.5667969075128,-22.9186689975622,"280136","280136_1"
"173","280136_1",2019-01-09 10:59:42,13.5475889966516,-22.9395152967572,"280136","280136_1"
"174","280136_1",2019-01-09 12:59:42,13.5465358762412,-23.1243754407035,"280136","280136_1"
"175","280136_1",2019-01-09 14:59:42,13.5702845794826,-23.3862280566657,"280136","280136_1"
"176","280136_1",2019-01-09 16:59:42,13.6254253414908,-23.6377251172116,"280136","280136_1"
"177","280136_1",2019-01-09 18:59:42,13.7199141089347,-23.9134718603993,"280136","280136_1"
"178","280136_1",2019-01-09 20:59:42,13.8615419792539,-24.2481230914115,"280136","280136_1"
"179","280136_1",2019-01-09 22:59:42,13.9972644690817,-24.5526111468885,"280136","280136_1"
"180","280136_1",2019-01-10 00:59:42,14.1360282112178,-24.8067361414927,"280136","280136_1"
"181","280136_1",2019-01-10 02:59:42,14.173311974902,-24.9610025818433,"280136","280136_1"
"182","280136_1",2019-01-10 04:59:42,14.2160731683042,-24.9498097298241,"280136","280136_1"
"183","280136_1",2019-01-10 06:59:42,14.2842487759983,-25.0225173564375,"280136","280136_1"
"184","280136_1",2019-01-10 08:59:42,14.2936695139924,-24.9979901192672,"280136","280136_1"
"185","280136_1",2019-01-10 10:59:42,14.2660655143484,-24.9407808486628,"280136","280136_1"
"186","280136_1",2019-01-10 16:59:46,14.1758020926478,-24.7035234895185,"280136","280136_1"
"187","280136_1",2019-01-10 18:59:46,14.3286013823192,-24.6603679973746,"280136","280136_1"
"188","280136_1",2019-01-10 20:59:46,14.4598708808884,-24.5641376976234,"280136","280136_1"
"189","280136_1",2019-01-10 22:59:46,14.5780607863605,-24.5750232342295,"280136","280136_1"
"190","280136_1",2019-01-11 00:59:46,14.380836718097,-24.4360226537253,"280136","280136_1"
"191","280136_1",2019-01-11 02:59:46,14.1897962784303,-24.306927959546,"280136","280136_1"
"192","280136_1",2019-01-11 04:59:46,14.0825977753433,-24.1771990450038,"280136","280136_1"
"193","280136_1",2019-01-11 06:59:46,13.8878095395983,-24.099541387727,"280136","280136_1"
"194","280136_1",2019-01-11 08:59:46,13.684290148456,-24.0675142161605,"280136","280136_1"
"195","280136_1",2019-01-11 10:59:46,13.6084230542717,-24.0782500141324,"280136","280136_1"
"196","280136_1",2019-01-11 12:59:46,13.7628306692561,-24.3592688778975,"280136","280136_1"
"197","280136_1",2019-01-11 14:59:46,13.8406240083933,-24.493539314949,"280136","280136_1"
"198","280136_1",2019-01-11 16:59:46,13.9413060121941,-24.5599463915832,"280136","280136_1"
"199","280136_1",2019-01-11 18:59:46,14.1643735189698,-24.6376715944198,"280136","280136_1"
"200","280136_1",2019-01-11 20:59:46,14.4853797176686,-24.6276536981409,"280136","280136_1"
"201","280136_1",2019-01-11 22:59:46,14.7806804893575,-24.5018197694173,"280136","280136_1"
"202","280136_1",2019-01-12 00:59:46,14.9671070599358,-24.5454829594485,"280136","280136_1"
"203","280136_1",2019-01-12 02:59:46,14.9590435782516,-24.6269463243604,"280136","280136_1"
"204","280136_1",2019-01-12 04:59:46,14.9474038070747,-24.6478955523279,"280136","280136_1"
"205","280136_1",2019-01-12 12:59:49,15.5875549043727,-25.2984637041668,"280136","280136_1"
"206","280136_1",2019-01-12 14:59:49,15.6025356926457,-25.2714472675006,"280136","280136_1"
"207","280136_1",2019-01-12 16:59:49,15.5377880271871,-25.1028231331904,"280136","280136_1"
"208","280136_1",2019-01-12 18:59:49,15.458285874614,-24.8406141836207,"280136","280136_1"
"209","280136_1",2019-01-12 20:59:49,15.2035682385676,-24.6132748212202,"280136","280136_1"
"210","280136_1",2019-01-12 22:59:49,15.1114583882509,-24.4228891637454,"280136","280136_1"
"211","280136_1",2019-01-13 00:59:49,14.99285705019,-24.5038525065652,"280136","280136_1"
"212","280136_1",2019-01-13 02:59:49,14.9458189369626,-24.6283775690767,"280136","280136_1"
"213","280136_1",2019-01-13 04:59:49,14.8647561538661,-24.5865936869954,"280136","280136_1"
"214","280136_1",2019-01-13 06:59:49,14.6730766937646,-24.4211140414122,"280136","280136_1"
"215","280136_1",2019-01-13 08:59:49,14.293854601796,-24.1744354518787,"280136","280136_1"
"216","280136_1",2019-01-13 10:59:49,14.097999572698,-23.88406334924,"280136","280136_1"
"217","280136_1",2019-01-13 12:59:49,13.951715163504,-23.7189254701941,"280136","280136_1"
"218","280136_1",2019-01-13 14:59:49,13.933397915385,-23.7465046695051,"280136","280136_1"
"219","280136_1",2019-01-13 16:59:49,13.9746178084325,-23.8321892835069,"280136","280136_1"
"220","280136_1",2019-01-13 18:59:49,14.1407687712393,-23.9985046887204,"280136","280136_1"
"221","280136_1",2019-01-13 20:59:49,14.3148623209173,-24.1156495727383,"280136","280136_1"
"222","280136_1",2019-01-13 22:59:49,14.4829843488073,-24.368291428283,"280136","280136_1"
"223","280139_1",2018-12-13 18:59:47,14.970913,-24.636902,"280139","280139_1"
"224","280139_1",2018-12-15 00:59:47,14.7278501263403,-24.6753748220731,"280139","280139_1"
"225","280139_1",2018-12-15 02:59:47,14.4548999785891,-24.7562023790718,"280139","280139_1"
"226","280139_1",2018-12-15 04:59:47,14.1943292157076,-24.801813660813,"280139","280139_1"
"227","280139_1",2018-12-15 06:59:47,14.2598944417551,-24.8231172087598,"280139","280139_1"
"228","280139_1",2018-12-15 08:59:47,14.3040208756464,-24.857680195535,"280139","280139_1"
"229","280139_1",2018-12-15 10:59:47,14.5396962748592,-25.0275744030792,"280139","280139_1"
"230","280139_1",2018-12-15 12:59:47,14.6121148764384,-25.1826514857991,"280139","280139_1"
"231","280139_1",2018-12-15 14:59:47,14.4213165490283,-25.0637875517775,"280139","280139_1"
"232","280139_1",2018-12-15 16:59:47,14.0779947292699,-24.9401751631419,"280139","280139_1"
"233","280139_1",2018-12-15 18:59:47,13.9950417156329,-24.9788141878214,"280139","280139_1"
"234","280139_1",2018-12-15 20:59:47,14.061043831932,-25.0646800740584,"280139","280139_1"
"235","280139_1",2018-12-15 22:59:47,14.1640526916798,-25.0826575106402,"280139","280139_1"
"236","280139_1",2018-12-16 00:59:47,13.9597064072821,-24.932413870338,"280139","280139_1"
"237","280139_1",2018-12-16 02:59:47,13.7464446333657,-24.8035458972398,"280139","280139_1"
"238","280139_1",2018-12-16 04:59:47,13.5767705738747,-24.7625916827239,"280139","280139_1"
"239","280139_1",2018-12-16 06:59:47,13.6050080711081,-24.8754363218522,"280139","280139_1"
"240","280139_1",2018-12-16 08:59:47,13.7367777009336,-25.0354227778132,"280139","280139_1"
"241","280139_1",2018-12-16 10:59:47,13.9075685819536,-25.1272335098498,"280139","280139_1"
"242","280139_1",2018-12-16 12:59:47,13.8759440832779,-25.1333407292836,"280139","280139_1"
"243","280139_1",2018-12-16 14:59:47,13.8674651789192,-25.1540001274792,"280139","280139_1"
"244","280139_1",2018-12-16 16:59:47,14.1077756302954,-25.2895551724053,"280139","280139_1"
"245","280139_1",2018-12-16 18:59:47,14.2468147017287,-25.3139646126634,"280139","280139_1"
"246","280139_1",2018-12-16 20:59:47,14.2456261677398,-25.0135457357463,"280139","280139_1"
"247","280139_1",2018-12-16 22:59:47,14.4697458761416,-24.8911989903644,"280139","280139_1"
"248","280139_1",2018-12-17 00:59:47,14.614518910226,-24.8694220144859,"280139","280139_1"
"249","280139_1",2018-12-17 02:59:47,14.8506462027231,-24.6316360463465,"280139","280139_1"
"250","280139_1",2018-12-17 04:59:47,14.889684201032,-24.9304649797727,"280139","280139_1"
"251","280139_1",2018-12-17 06:59:47,14.6057979309571,-24.7827070790339,"280139","280139_1"
"252","280139_1",2018-12-17 08:59:47,14.4484876921994,-24.7225286933414,"280139","280139_1"
"253","280139_1",2018-12-17 10:59:47,14.3658089854677,-24.96561447274,"280139","280139_1"
"254","280139_1",2018-12-17 12:59:47,14.0411612526587,-24.727210255341,"280139","280139_1"
"255","280139_1",2018-12-17 14:59:47,13.8923683308427,-24.7332612976201,"280139","280139_1"
"256","280139_1",2018-12-17 16:59:47,13.7128280180879,-24.7227613845902,"280139","280139_1"
"257","280139_1",2018-12-17 18:59:47,13.6368700878148,-24.7785294974836,"280139","280139_1"
"258","280139_1",2018-12-17 20:59:47,13.798985973034,-24.9834710746297,"280139","280139_1"
"259","280139_1",2018-12-17 22:59:47,13.7346798922583,-24.9676414251287,"280139","280139_1"
"260","280139_1",2018-12-18 00:59:47,13.6009641510221,-24.7992517794117,"280139","280139_1"
"261","280139_1",2018-12-18 02:59:47,13.5895461602869,-24.803567784735,"280139","280139_1"
"262","280139_1",2018-12-18 04:59:47,13.5950804608077,-24.8058823575651,"280139","280139_1"
"263","280187_1",2019-05-08 13:30:06,13.252333,-23.301907,"280187","280187_1"
"264","280187_1",2019-05-08 15:30:06,13.3936361826415,-23.6746601040796,"280187","280187_1"
"265","280187_1",2019-05-08 17:30:06,13.4888383905521,-23.899733369264,"280187","280187_1"
"266","280187_1",2019-05-08 19:30:06,13.5103445015137,-23.8448598166989,"280187","280187_1"
"267","280187_1",2019-05-08 21:30:06,13.4129565353083,-23.6427840694604,"280187","280187_1"
"268","280187_1",2019-05-08 23:30:06,13.2139616565131,-23.1792493892099,"280187","280187_1"
"269","280187_1",2019-05-09 01:30:06,13.0624020565638,-22.8569967513334,"280187","280187_1"
"270","280187_1",2019-05-09 03:30:06,12.9715444906287,-22.6133671864347,"280187","280187_1"
"271","280187_1",2019-05-09 05:30:06,12.9514730999445,-22.5005261573362,"280187","280187_1"
"272","280187_1",2019-05-09 07:30:06,13.0122015647797,-22.5706332594774,"280187","280187_1"
"273","280187_1",2019-05-09 09:30:06,13.1636569661167,-22.8758336023155,"280187","280187_1"
"274","280187_1",2019-05-09 11:30:06,13.3042154815863,-23.1104294206579,"280187","280187_1"
"275","280187_1",2019-05-09 13:30:06,13.4092874126436,-23.3305534274331,"280187","280187_1"
"276","280187_1",2019-05-09 15:30:06,13.5059445778728,-23.5588152967537,"280187","280187_1"
"277","280187_1",2019-05-09 17:30:06,13.5495789431486,-23.6560315026345,"280187","280187_1"
"278","280187_1",2019-05-09 19:30:06,13.6004919355544,-23.8021147070498,"280187","280187_1"
"279","280187_1",2019-05-09 21:30:06,13.7008820421797,-23.7873650589806,"280187","280187_1"
"280","280187_1",2019-05-09 23:30:06,13.6115914232063,-23.6310487128991,"280187","280187_1"
"281","280187_1",2019-05-10 01:30:06,13.581191219168,-23.5761396226461,"280187","280187_1"
"282","280187_1",2019-05-10 03:30:06,13.5806531475099,-23.5762249778405,"280187","280187_1"
"283","280187_1",2019-05-10 05:30:06,13.5321654764114,-23.507733029642,"280187","280187_1"
"284","280187_1",2019-05-10 07:30:06,13.5051443746485,-23.469904676492,"280187","280187_1"
"285","280187_1",2019-05-10 09:30:06,13.5016923916211,-23.4745637252688,"280187","280187_1"
"286","280187_1",2019-05-10 11:30:06,13.5238748363635,-23.5334926260237,"280187","280187_1"
"287","280187_1",2019-05-10 13:30:06,13.5737471456268,-23.6584672834432,"280187","280187_1"
"288","280187_1",2019-05-10 15:30:06,13.5808459467221,-23.7066300341904,"280187","280187_1"
"289","280187_1",2019-05-10 17:30:06,13.6549104236356,-23.780857371952,"280187","280187_1"
"290","280187_1",2019-05-10 19:30:06,13.9055483945895,-23.9841295340359,"280187","280187_1"
"291","280187_1",2019-05-10 21:30:06,14.3057738993752,-23.9778787684691,"280187","280187_1"
"292","280187_1",2019-05-10 23:30:06,14.5918705860207,-23.8492897071773,"280187","280187_1"
"293","280187_1",2019-05-11 01:30:06,14.5709988598979,-24.2441212797967,"280187","280187_1"
"294","280187_1",2019-05-11 03:30:06,14.5281706426476,-24.3927859181483,"280187","280187_1"
"295","280187_1",2019-05-11 05:30:06,14.4579258249698,-24.3389245275501,"280187","280187_1"
"296","280187_1",2019-05-11 07:30:06,14.3547196768557,-24.126541005393,"280187","280187_1"
"297","280187_1",2019-05-11 09:30:06,14.2129873862884,-23.7996148211833,"280187","280187_1"
"298","280187_1",2019-05-11 11:30:06,14.0846066668042,-23.5159697727251,"280187","280187_1"
"299","280187_1",2019-05-11 13:30:06,14.029605274555,-23.4613831535359,"280187","280187_1"
"300","280187_1",2019-05-11 15:30:06,13.8716579006547,-23.2053611254595,"280187","280187_1"
"301","280187_1",2019-05-11 17:30:06,13.8088453235859,-23.1131052962547,"280187","280187_1"
"302","280187_1",2019-05-11 19:30:06,13.8029132589191,-23.1361915103512,"280187","280187_1"
"303","280187_1",2019-05-11 21:30:06,13.8154167913765,-23.2259895805136,"280187","280187_1"
"304","280187_1",2019-05-11 23:30:06,13.8079211326443,-23.3338870577164,"280187","280187_1"
"305","280187_1",2019-05-12 01:30:06,13.779165993932,-23.3178268602428,"280187","280187_1"
"306","280187_1",2019-05-12 03:30:06,13.7380701771793,-23.2012746876279,"280187","280187_1"
"307","280187_1",2019-05-12 05:30:06,13.6935775397814,-23.0078685954971,"280187","280187_1"
"308","280187_1",2019-05-12 07:30:06,13.6546306250076,-22.7612269838785,"280187","280187_1"
"309","280187_1",2019-05-12 09:30:06,13.6526739000105,-22.6982981154178,"280187","280187_1"
"310","280187_1",2019-05-12 11:30:06,13.6576069477645,-22.7180387760719,"280187","280187_1"
"311","280187_1",2019-05-12 13:30:06,13.6392466539824,-22.7189865998888,"280187","280187_1"
"312","280187_1",2019-05-12 15:30:06,13.6341781013817,-22.7751295773893,"280187","280187_1"
"313","280187_1",2019-05-12 17:30:06,13.6967988974196,-22.9506548446474,"280187","280187_1"
"314","280187_1",2019-05-12 19:30:06,13.7472637852777,-23.1103622458707,"280187","280187_1"
"315","280187_1",2019-05-12 21:30:06,13.7699150037515,-23.1941987639282,"280187","280187_1"
"316","280187_1",2019-05-12 23:30:06,13.749130565316,-23.1421559719074,"280187","280187_1"
"317","280187_1",2019-05-13 01:30:06,13.6692822799753,-22.8942942865018,"280187","280187_1"
"318","280187_1",2019-05-13 03:30:06,13.6696807575245,-22.8924969342123,"280187","280187_1"
"319","280187_1",2019-05-13 05:30:06,13.6685486211399,-22.9007074401038,"280187","280187_1"
"320","280187_1",2019-05-13 07:30:06,13.7074203962006,-22.8894222150677,"280187","280187_1"
"321","280187_1",2019-05-13 09:30:06,13.7040369060056,-23.0974583515591,"280187","280187_1"
"322","280187_1",2019-05-13 11:30:06,13.6736568861001,-23.3041582016586,"280187","280187_1"
"323","280187_1",2019-05-13 13:30:06,13.6673384776579,-23.3867071180146,"280187","280187_1"
"324","280187_1",2019-05-13 15:30:06,13.7388225753099,-23.6865780766987,"280187","280187_1"
"325","280187_1",2019-05-13 17:30:06,13.8856434403365,-23.9666694673807,"280187","280187_1"
"326","280187_1",2019-05-13 19:30:06,14.1051051304583,-23.9893274070154,"280187","280187_1"
"327","280187_1",2019-05-13 21:30:06,14.1776847181636,-24.3448414294728,"280187","280187_1"
"328","280187_1",2019-05-13 23:30:06,14.3951179929155,-24.5139167590852,"280187","280187_1"
"329","280187_1",2019-05-14 01:30:06,14.6580230294225,-24.4770564910543,"280187","280187_1"
"330","280187_1",2019-05-14 03:30:06,14.7929284536616,-24.7011624040441,"280187","280187_1"
"331","280187_1",2019-05-14 05:30:06,14.8292328238402,-24.6181320889891,"280187","280187_1"
"332","280187_1",2019-05-14 07:30:06,15.0468991124664,-25.0973966401966,"280187","280187_1"
"333","280187_1",2019-05-14 09:30:06,15.1159656734708,-25.2968492519399,"280187","280187_1"
"334","280187_1",2019-05-14 11:30:06,15.2497271859594,-25.6036040764834,"280187","280187_1"
"335","280187_1",2019-05-14 13:30:06,15.2082808369471,-25.6036780559515,"280187","280187_1"
"336","280187_1",2019-05-14 15:30:06,15.2692085605669,-25.6978480377661,"280187","280187_1"
"337","280187_1",2019-05-14 17:30:06,15.2842656283405,-25.7057926099874,"280187","280187_1"
"338","280187_1",2019-05-14 19:30:06,15.1047728211397,-25.4467150804625,"280187","280187_1"
"339","280187_1",2019-05-14 21:30:06,14.8929371394364,-25.1152611860673,"280187","280187_1"
"340","280187_1",2019-05-14 23:30:06,14.8276351988884,-24.8354692174963,"280187","280187_1"
"341","280187_1",2019-05-15 01:30:06,14.9446118015331,-24.6771109185021,"280187","280187_1"
"342","280187_1",2019-05-15 03:30:06,14.7750125891362,-24.5171623312593,"280187","280187_1"
"343","280187_1",2019-05-15 05:30:06,14.5903403531423,-24.2908612475844,"280187","280187_1"
"344","280187_1",2019-05-15 07:30:06,14.2965991286983,-23.9501786455527,"280187","280187_1"
"345","280187_1",2019-05-15 09:30:06,14.1391732825801,-23.5946058991375,"280187","280187_1"
"346","280187_1",2019-05-15 11:30:06,13.9826414121149,-23.3180702597133,"280187","280187_1"
"347","280187_1",2019-05-15 13:30:06,13.9467229228887,-23.2458101682633,"280187","280187_1"
"348","280187_1",2019-05-15 15:30:06,13.7843688006742,-22.9412194958405,"280187","280187_1"
"349","280187_1",2019-05-15 17:30:06,13.7423171301674,-22.9397158713121,"280187","280187_1"
"350","280187_1",2019-05-15 19:30:06,13.72809054019,-22.9839981166742,"280187","280187_1"
"351","280187_1",2019-05-15 21:30:06,13.7091058469671,-22.9203881867721,"280187","280187_1"
"352","280187_1",2019-05-15 23:30:06,13.6527729647789,-22.5953070930965,"280187","280187_1"
"353","280187_1",2019-05-16 01:30:06,13.6125394325544,-22.2622982502211,"280187","280187_1"
"354","280187_1",2019-05-16 03:30:06,13.7020244065659,-22.3182002184309,"280187","280187_1"
"355","280187_1",2019-05-16 05:30:06,13.7004148762897,-22.2562969323268,"280187","280187_1"
"356","280187_1",2019-05-16 07:30:06,13.7012352763482,-22.1611122037969,"280187","280187_1"
"357","280187_1",2019-05-16 09:30:06,13.7565398795479,-22.2858369055557,"280187","280187_1"
