"","ID","Date_Time","Latitude","Longitude","BirdId","trip_id","Date","Time","DateTime","nestLoc_lat","nestLoc_lon","tripID","X","Y","Returns","StartsOut","ColDist","dataGroup.Longitude","dataGroup.Latitude"
"3","280132_1",2018-11-28 03:00:00,14.9644865776311,-25.2864858130087,"280132","280132_1",2018-11-28,"03:00:00",2018-11-28 03:00:00,14.970429,-24.638775,"280132_1_01",-25.2864858130087,14.9644865776311,"Yes","",69675.2371410308,-25.2864858130087,14.9644865776311
"4","280132_1",2018-11-28 05:00:00,15.0605130106147,-25.6681030063501,"280132","280132_1",2018-11-28,"05:00:00",2018-11-28 05:00:00,14.970429,-24.638775,"280132_1_01",-25.6681030063501,15.0605130106147,"Yes","",111144.528007265,-25.6681030063501,15.0605130106147
"5","280132_1",2018-11-28 07:00:00,15.2024424197255,-26.0223053715256,"280132","280132_1",2018-11-28,"07:00:00",2018-11-28 07:00:00,14.970429,-24.638775,"280132_1_01",-26.0223053715256,15.2024424197255,"Yes","",150938.227414638,-26.0223053715256,15.2024424197255
"6","280132_1",2018-11-28 09:00:00,15.3417346756717,-26.2757113911111,"280132","280132_1",2018-11-28,"09:00:00",2018-11-28 09:00:00,14.970429,-24.638775,"280132_1_01",-26.2757113911111,15.3417346756717,"Yes","",180657.775280808,-26.2757113911111,15.3417346756717
"7","280132_1",2018-11-28 11:00:00,15.4650462448064,-26.5115044915843,"280132","280132_1",2018-11-28,"11:00:00",2018-11-28 11:00:00,14.970429,-24.638775,"280132_1_01",-26.5115044915843,15.4650462448064,"Yes","",208516.71716599,-26.5115044915843,15.4650462448064
"8","280132_1",2018-11-28 13:00:00,15.5856514895762,-26.7225896486277,"280132","280132_1",2018-11-28,"13:00:00",2018-11-28 13:00:00,14.970429,-24.638775,"280132_1_01",-26.7225896486277,15.5856514895762,"Yes","",233944.104360381,-26.7225896486277,15.5856514895762
"9","280132_1",2018-11-28 15:00:00,15.7204755688719,-26.9640059384698,"280132","280132_1",2018-11-28,"15:00:00",2018-11-28 15:00:00,14.970429,-24.638775,"280132_1_01",-26.9640059384698,15.7204755688719,"Yes","",263102.705016198,-26.9640059384698,15.7204755688719
"10","280132_1",2018-11-28 17:00:00,15.797847502143,-27.0749168175637,"280132","280132_1",2018-11-28,"17:00:00",2018-11-28 17:00:00,14.970429,-24.638775,"280132_1_01",-27.0749168175637,15.797847502143,"Yes","",277092.633390713,-27.0749168175637,15.797847502143
"11","280132_1",2018-11-28 19:00:00,15.9959970047491,-27.3555799612979,"280132","280132_1",2018-11-28,"19:00:00",2018-11-28 19:00:00,14.970429,-24.638775,"280132_1_01",-27.3555799612979,15.9959970047491,"Yes","",312828.986658741,-27.3555799612979,15.9959970047491
"12","280132_1",2018-11-28 21:00:00,16.1332911117251,-27.6106498622415,"280132","280132_1",2018-11-28,"21:00:00",2018-11-28 21:00:00,14.970429,-24.638775,"280132_1_01",-27.6106498622415,16.1332911117251,"Yes","",343772.01969867,-27.6106498622415,16.1332911117251
"13","280132_1",2018-11-28 23:00:00,16.2591069482835,-27.8666290967285,"280132","280132_1",2018-11-28,"23:00:00",2018-11-28 23:00:00,14.970429,-24.638775,"280132_1_01",-27.8666290967285,16.2591069482835,"Yes","",374355.078145705,-27.8666290967285,16.2591069482835
"14","280132_1",2018-11-29 01:00:00,16.4334804142901,-28.0842264419492,"280132","280132_1",2018-11-29,"01:00:00",2018-11-29 01:00:00,14.970429,-24.638775,"280132_1_01",-28.0842264419492,16.4334804142901,"Yes","",403232.703790112,-28.0842264419492,16.4334804142901
"15","280132_1",2018-11-29 03:00:00,16.6177751736913,-28.2850057707784,"280132","280132_1",2018-11-29,"03:00:00",2018-11-29 03:00:00,14.970429,-24.638775,"280132_1_01",-28.2850057707784,16.6177751736913,"Yes","",431084.542960417,-28.2850057707784,16.6177751736913
"16","280132_1",2018-11-29 05:00:00,16.8385396427064,-28.4939450208176,"280132","280132_1",2018-11-29,"05:00:00",2018-11-29 05:00:00,14.970429,-24.638775,"280132_1_01",-28.4939450208176,16.8385396427064,"Yes","",461668.674437955,-28.4939450208176,16.8385396427064
"17","280132_1",2018-11-29 07:00:00,17.0786466791008,-28.7149984023885,"280132","280132_1",2018-11-29,"07:00:00",2018-11-29 07:00:00,14.970429,-24.638775,"280132_1_01",-28.7149984023885,17.0786466791008,"Yes","",494670.245928744,-28.7149984023885,17.0786466791008
"18","280132_1",2018-11-29 09:00:00,17.3446257710072,-28.9419940352211,"280132","280132_1",2018-11-29,"09:00:00",2018-11-29 09:00:00,14.970429,-24.638775,"280132_1_01",-28.9419940352211,17.3446257710072,"Yes","",529896.446594188,-28.9419940352211,17.3446257710072
"19","280132_1",2018-11-29 11:00:00,17.3333058217825,-28.9539011746069,"280132","280132_1",2018-11-29,"11:00:00",2018-11-29 11:00:00,14.970429,-24.638775,"280132_1_01",-28.9539011746069,17.3333058217825,"Yes","",530395.624597541,-28.9539011746069,17.3333058217825
"20","280132_1",2018-11-29 13:00:00,17.564314137142,-29.1804769249786,"280132","280132_1",2018-11-29,"13:00:00",2018-11-29 13:00:00,14.970429,-24.638775,"280132_1_01",-29.1804769249786,17.564314137142,"Yes","",563922.577024829,-29.1804769249786,17.564314137142
"21","280132_1",2018-11-29 15:00:00,17.6067537232975,-29.2702699320267,"280132","280132_1",2018-11-29,"15:00:00",2018-11-29 15:00:00,14.970429,-24.638775,"280132_1_01",-29.2702699320267,17.6067537232975,"Yes","",574526.833288488,-29.2702699320267,17.6067537232975
"22","280132_1",2018-11-29 17:00:00,17.2629271985769,-29.1261289773487,"280132","280132_1",2018-11-29,"17:00:00",2018-11-29 17:00:00,14.970429,-24.638775,"280132_1_01",-29.1261289773487,17.2629271985769,"Yes","",542888.836109663,-29.1261289773487,17.2629271985769
"23","280132_1",2018-11-29 19:00:00,16.9203687577147,-28.9829312366581,"280132","280132_1",2018-11-29,"19:00:00",2018-11-29 19:00:00,14.970429,-24.638775,"280132_1_01",-28.9829312366581,16.9203687577147,"Yes","",512681.418941708,-28.9829312366581,16.9203687577147
"24","280132_1",2018-11-29 21:00:00,16.6413124326551,-28.917370785597,"280132","280132_1",2018-11-29,"21:00:00",2018-11-29 21:00:00,14.970429,-24.638775,"280132_1_01",-28.917370785597,16.6413124326551,"Yes","",494253.222907805,-28.917370785597,16.6413124326551
"25","280132_1",2018-11-29 23:00:00,16.4017184090181,-28.8391172614924,"280132","280132_1",2018-11-29,"23:00:00",2018-11-29 23:00:00,14.970429,-24.638775,"280132_1_01",-28.8391172614924,16.4017184090181,"Yes","",477296.915959988,-28.8391172614924,16.4017184090181
"26","280132_1",2018-11-30 01:00:00,16.1867572538985,-28.7564550388264,"280132","280132_1",2018-11-30,"01:00:00",2018-11-30 01:00:00,14.970429,-24.638775,"280132_1_01",-28.7564550388264,16.1867572538985,"Yes","",461681.452641636,-28.7564550388264,16.1867572538985
"27","280132_1",2018-11-30 03:00:00,15.9709870343512,-28.6593960362349,"280132","280132_1",2018-11-30,"03:00:00",2018-11-30 03:00:00,14.970429,-24.638775,"280132_1_01",-28.6593960362349,15.9709870343512,"Yes","",445424.804675048,-28.6593960362349,15.9709870343512
"28","280132_1",2018-11-30 05:00:00,15.7590075344435,-28.5363049080115,"280132","280132_1",2018-11-30,"05:00:00",2018-11-30 05:00:00,14.970429,-24.638775,"280132_1_01",-28.5363049080115,15.7590075344435,"Yes","",427453.235805483,-28.5363049080115,15.7590075344435
"29","280132_1",2018-11-30 07:00:00,15.5185255844595,-28.370555968848,"280132","280132_1",2018-11-30,"07:00:00",2018-11-30 07:00:00,14.970429,-24.638775,"280132_1_01",-28.370555968848,15.5185255844595,"Yes","",405449.859517981,-28.370555968848,15.5185255844595
"30","280132_1",2018-11-30 09:00:00,15.3069285968015,-28.1626201250682,"280132","280132_1",2018-11-30,"09:00:00",2018-11-30 09:00:00,14.970429,-24.638775,"280132_1_01",-28.1626201250682,15.3069285968015,"Yes","",380566.996698054,-28.1626201250682,15.3069285968015
"31","280132_1",2018-11-30 11:00:00,15.1654123502467,-28.0324409177134,"280132","280132_1",2018-11-30,"11:00:00",2018-11-30 11:00:00,14.970429,-24.638775,"280132_1_01",-28.0324409177134,15.1654123502467,"Yes","",365508.52145701,-28.0324409177134,15.1654123502467
"32","280132_1",2018-11-30 13:00:00,15.072340853793,-27.9308122361499,"280132","280132_1",2018-11-30,"13:00:00",2018-11-30 13:00:00,14.970429,-24.638775,"280132_1_01",-27.9308122361499,15.072340853793,"Yes","",354201.315140288,-27.9308122361499,15.072340853793
"33","280132_1",2018-11-30 15:00:00,14.9027957875076,-27.7829282636828,"280132","280132_1",2018-11-30,"15:00:00",2018-11-30 15:00:00,14.970429,-24.638775,"280132_1_01",-27.7829282636828,14.9027957875076,"Yes","",338334.654834513,-27.7829282636828,14.9027957875076
"34","280132_1",2018-11-30 17:00:00,14.6793369508226,-27.5388680953157,"280132","280132_1",2018-11-30,"17:00:00",2018-11-30 17:00:00,14.970429,-24.638775,"280132_1_01",-27.5388680953157,14.6793369508226,"Yes","",313813.484663757,-27.5388680953157,14.6793369508226
"35","280132_1",2018-11-30 19:00:00,14.4437002482262,-27.293319907874,"280132","280132_1",2018-11-30,"19:00:00",2018-11-30 19:00:00,14.970429,-24.638775,"280132_1_01",-27.293319907874,14.4437002482262,"Yes","",291759.627392464,-27.293319907874,14.4437002482262
"36","280132_1",2018-11-30 21:00:00,14.2104485836017,-27.1167454767444,"280132","280132_1",2018-11-30,"21:00:00",2018-11-30 21:00:00,14.970429,-24.638775,"280132_1_01",-27.1167454767444,14.2104485836017,"Yes","",279931.190049186,-27.1167454767444,14.2104485836017
"37","280132_1",2018-11-30 23:00:00,13.9686644027704,-26.9052336193943,"280132","280132_1",2018-11-30,"23:00:00",2018-11-30 23:00:00,14.970429,-24.638775,"280132_1_01",-26.9052336193943,13.9686644027704,"Yes","",268307.628714271,-26.9052336193943,13.9686644027704
"38","280132_1",2018-12-01 01:00:00,13.7447198760492,-26.6640235028383,"280132","280132_1",2018-12-01,"01:00:00",2018-12-01 01:00:00,14.970429,-24.638775,"280132_1_01",-26.6640235028383,13.7447198760492,"Yes","",257118.982652424,-26.6640235028383,13.7447198760492
"39","280132_1",2018-12-01 03:00:00,13.5517491973637,-26.4340770573366,"280132","280132_1",2018-12-01,"03:00:00",2018-12-01 03:00:00,14.970429,-24.638775,"280132_1_01",-26.4340770573366,13.5517491973637,"Yes","",249333.23986128,-26.4340770573366,13.5517491973637
"40","280132_1",2018-12-01 05:00:00,13.4308072108619,-26.2101078885194,"280132","280132_1",2018-12-01,"05:00:00",2018-12-01 05:00:00,14.970429,-24.638775,"280132_1_01",-26.2101078885194,13.4308072108619,"Yes","",240378.349007152,-26.2101078885194,13.4308072108619
"41","280132_1",2018-12-01 07:00:00,13.3243761964776,-26.0005839037495,"280132","280132_1",2018-12-01,"07:00:00",2018-12-01 07:00:00,14.970429,-24.638775,"280132_1_01",-26.0005839037495,13.3243761964776,"Yes","",234055.854587572,-26.0005839037495,13.3243761964776
"42","280132_1",2018-12-01 09:00:00,13.1146658507661,-25.7601726105283,"280132","280132_1",2018-12-01,"09:00:00",2018-12-01 09:00:00,14.970429,-24.638775,"280132_1_01",-25.7601726105283,13.1146658507661,"Yes","",238381.947361374,-25.7601726105283,13.1146658507661
"43","280132_1",2018-12-01 11:00:00,12.9702909494858,-25.5735540860206,"280132","280132_1",2018-12-01,"11:00:00",2018-12-01 11:00:00,14.970429,-24.638775,"280132_1_01",-25.5735540860206,12.9702909494858,"Yes","",243248.374418654,-25.5735540860206,12.9702909494858
"44","280132_1",2018-12-01 13:00:00,13.0454894698958,-25.5593130205014,"280132","280132_1",2018-12-01,"13:00:00",2018-12-01 13:00:00,14.970429,-24.638775,"280132_1_01",-25.5593130205014,13.0454894698958,"Yes","",235043.62598099,-25.5593130205014,13.0454894698958
"45","280132_1",2018-12-01 15:00:00,13.2774821942441,-25.6517468450172,"280132","280132_1",2018-12-01,"15:00:00",2018-12-01 15:00:00,14.970429,-24.638775,"280132_1_01",-25.6517468450172,13.2774821942441,"Yes","",216900.482509521,-25.6517468450172,13.2774821942441
"46","280132_1",2018-12-01 17:00:00,13.3764717375879,-25.6617063825532,"280132","280132_1",2018-12-01,"17:00:00",2018-12-01 17:00:00,14.970429,-24.638775,"280132_1_01",-25.6617063825532,13.3764717375879,"Yes","",208073.073518388,-25.6617063825532,13.3764717375879
"47","280132_1",2018-12-01 19:00:00,13.3774901606205,-25.5376397497452,"280132","280132_1",2018-12-01,"19:00:00",2018-12-01 19:00:00,14.970429,-24.638775,"280132_1_01",-25.5376397497452,13.3774901606205,"Yes","",201187.241202297,-25.5376397497452,13.3774901606205
"48","280132_1",2018-12-01 21:00:00,13.345677564399,-25.3124647256801,"280132","280132_1",2018-12-01,"21:00:00",2018-12-01 21:00:00,14.970429,-24.638775,"280132_1_01",-25.3124647256801,13.345677564399,"Yes","",193917.12982816,-25.3124647256801,13.345677564399
"49","280132_1",2018-12-01 23:00:00,13.1812271477253,-25.0632923988511,"280132","280132_1",2018-12-01,"23:00:00",2018-12-01 23:00:00,14.970429,-24.638775,"280132_1_01",-25.0632923988511,13.1812271477253,"Yes","",203195.240073223,-25.0632923988511,13.1812271477253
"50","280132_1",2018-12-02 01:00:00,13.0723765655531,-24.9305602131358,"280132","280132_1",2018-12-02,"01:00:00",2018-12-02 01:00:00,14.970429,-24.638775,"280132_1_01",-24.9305602131358,13.0723765655531,"Yes","",212350.297670609,-24.9305602131358,13.0723765655531
"51","280132_1",2018-12-02 03:00:00,13.050910491648,-24.9031828845413,"280132","280132_1",2018-12-02,"03:00:00",2018-12-02 03:00:00,14.970429,-24.638775,"280132_1_01",-24.9031828845413,13.050910491648,"Yes","",214285.107438312,-24.9031828845413,13.050910491648
"52","280132_1",2018-12-02 05:00:00,12.9619001859706,-24.7074116024734,"280132","280132_1",2018-12-02,"05:00:00",2018-12-02 05:00:00,14.970429,-24.638775,"280132_1_01",-24.7074116024734,12.9619001859706,"Yes","",222344.004594681,-24.7074116024734,12.9619001859706
"53","280132_1",2018-12-02 07:00:00,12.9142123125512,-24.484274506833,"280132","280132_1",2018-12-02,"07:00:00",2018-12-02 07:00:00,14.970429,-24.638775,"280132_1_01",-24.484274506833,12.9142123125512,"Yes","",228107.676585958,-24.484274506833,12.9142123125512
"54","280132_1",2018-12-02 09:00:00,13.0489106395866,-24.4513822861676,"280132","280132_1",2018-12-02,"09:00:00",2018-12-02 09:00:00,14.970429,-24.638775,"280132_1_01",-24.4513822861676,13.0489106395866,"Yes","",213555.894073933,-24.4513822861676,13.0489106395866
"55","280132_1",2018-12-02 11:00:00,13.302332408321,-24.5943530628472,"280132","280132_1",2018-12-02,"11:00:00",2018-12-02 11:00:00,14.970429,-24.638775,"280132_1_01",-24.5943530628472,13.302332408321,"Yes","",184620.314579221,-24.5943530628472,13.302332408321
"56","280132_1",2018-12-02 13:00:00,13.5783388401077,-24.7699687992881,"280132","280132_1",2018-12-02,"13:00:00",2018-12-02 13:00:00,14.970429,-24.638775,"280132_1_01",-24.7699687992881,13.5783388401077,"Yes","",154671.584952677,-24.7699687992881,13.5783388401077
"57","280132_1",2018-12-02 15:00:00,13.7644200974721,-24.8412840355808,"280132","280132_1",2018-12-02,"15:00:00",2018-12-02 15:00:00,14.970429,-24.638775,"280132_1_01",-24.8412840355808,13.7644200974721,"Yes","",135211.042747675,-24.8412840355808,13.7644200974721
"58","280132_1",2018-12-02 17:00:00,13.9171693907019,-24.7297187638487,"280132","280132_1",2018-12-02,"17:00:00",2018-12-02 17:00:00,14.970429,-24.638775,"280132_1_01",-24.7297187638487,13.9171693907019,"Yes","",116947.30203982,-24.7297187638487,13.9171693907019
"59","280132_1",2018-12-02 19:00:00,14.1201729074993,-24.6410531601256,"280132","280132_1",2018-12-02,"19:00:00",2018-12-02 19:00:00,14.970429,-24.638775,"280132_1_01",-24.6410531601256,14.1201729074993,"Yes","",94075.7717780462,-24.6410531601256,14.1201729074993
"60","280132_1",2018-12-02 21:00:00,14.3948129563107,-24.6214033447244,"280132","280132_1",2018-12-02,"21:00:00",2018-12-02 21:00:00,14.970429,-24.638775,"280132_1_01",-24.6214033447244,14.3948129563107,"Yes","",63716.4948277021,-24.6214033447244,14.3948129563107
"61","280132_1",2018-12-02 23:00:00,14.7816551375821,-24.5205700211135,"280132","280132_1",2018-12-02,"23:00:00",2018-12-02 23:00:00,14.970429,-24.638775,"280132_1_01",-24.5205700211135,14.7816551375821,"Yes","",24455.6239982083,-24.5205700211135,14.7816551375821
"76","280136_1",2019-01-01 00:59:47,14.6848860087558,-24.3449774608407,"280136","280136_1",2019-01-01,"00:59:47",2019-01-01 00:59:47,14.970429,-24.638775,"280136_1_01",-24.3449774608407,14.6848860087558,"Yes","",44701.3027770196,-24.3449774608407,14.6848860087558
"77","280136_1",2019-01-01 02:59:47,14.5277870767187,-24.2081670710291,"280136","280136_1",2019-01-01,"02:59:47",2019-01-01 02:59:47,14.970429,-24.638775,"280136_1_01",-24.2081670710291,14.5277870767187,"Yes","",67441.8451111253,-24.2081670710291,14.5277870767187
"78","280136_1",2019-01-01 04:59:47,14.4323014650792,-24.1769990514505,"280136","280136_1",2019-01-01,"04:59:47",2019-01-01 04:59:47,14.970429,-24.638775,"280136_1_01",-24.1769990514505,14.4323014650792,"Yes","",77578.3190931173,-24.1769990514505,14.4323014650792
"79","280136_1",2019-01-01 06:59:47,14.4034473300135,-24.1845656452317,"280136","280136_1",2019-01-01,"06:59:47",2019-01-01 06:59:47,14.970429,-24.638775,"280136_1_01",-24.1845656452317,14.4034473300135,"Yes","",79552.9859427708,-24.1845656452317,14.4034473300135
"80","280136_1",2019-01-01 08:59:47,14.2996132880006,-24.1788091661954,"280136","280136_1",2019-01-01,"08:59:47",2019-01-01 08:59:47,14.970429,-24.638775,"280136_1_01",-24.1788091661954,14.2996132880006,"Yes","",89242.720256302,-24.1788091661954,14.2996132880006
"81","280136_1",2019-01-01 10:59:47,13.9790606590623,-24.107728723136,"280136","280136_1",2019-01-01,"10:59:47",2019-01-01 10:59:47,14.970429,-24.638775,"280136_1_01",-24.107728723136,13.9790606590623,"Yes","",123729.401740283,-24.107728723136,13.9790606590623
"82","280136_1",2019-01-01 12:59:47,13.6313183424425,-23.9753322150087,"280136","280136_1",2019-01-01,"12:59:47",2019-01-01 12:59:47,14.970429,-24.638775,"280136_1_01",-23.9753322150087,13.6313183424425,"Yes","",164544.746833366,-23.9753322150087,13.6313183424425
"83","280136_1",2019-01-01 14:59:47,13.3915270181241,-23.8499940890888,"280136","280136_1",2019-01-01,"14:59:47",2019-01-01 14:59:47,14.970429,-24.638775,"280136_1_01",-23.8499940890888,13.3915270181241,"Yes","",194334.92814681,-23.8499940890888,13.3915270181241
"84","280136_1",2019-01-01 16:59:47,13.3185223164287,-23.8534360719996,"280136","280136_1",2019-01-01,"16:59:47",2019-01-01 16:59:47,14.970429,-24.638775,"280136_1_01",-23.8534360719996,13.3185223164287,"Yes","",201475.193291195,-23.8534360719996,13.3185223164287
"85","280136_1",2019-01-01 18:59:47,13.4709631575289,-24.107224229414,"280136","280136_1",2019-01-01,"18:59:47",2019-01-01 18:59:47,14.970429,-24.638775,"280136_1_01",-24.107224229414,13.4709631575289,"Yes","",175540.445292144,-24.107224229414,13.4709631575289
"86","280136_1",2019-01-01 20:59:47,13.4010013970209,-24.0781517738464,"280136","280136_1",2019-01-01,"20:59:47",2019-01-01 20:59:47,14.970429,-24.638775,"280136_1_01",-24.0781517738464,13.4010013970209,"Yes","",183884.465678695,-24.0781517738464,13.4010013970209
"87","280136_1",2019-01-01 22:59:47,13.3064733733212,-23.9904111082522,"280136","280136_1",2019-01-01,"22:59:47",2019-01-01 22:59:47,14.970429,-24.638775,"280136_1_01",-23.9904111082522,13.3064733733212,"Yes","",196958.466071563,-23.9904111082522,13.3064733733212
"88","280136_1",2019-01-02 00:59:47,13.275297094188,-23.9861194829124,"280136","280136_1",2019-01-02,"00:59:47",2019-01-02 00:59:47,14.970429,-24.638775,"280136_1_01",-23.9861194829124,13.275297094188,"Yes","",200350.273718184,-23.9861194829124,13.275297094188
"89","280136_1",2019-01-02 02:59:47,13.3160289844866,-24.0845210334185,"280136","280136_1",2019-01-02,"02:59:47",2019-01-02 02:59:47,14.970429,-24.638775,"280136_1_01",-24.0845210334185,13.3160289844866,"Yes","",192575.079895146,-24.0845210334185,13.3160289844866
"90","280136_1",2019-01-02 04:59:47,13.437184094194,-24.30488400776,"280136","280136_1",2019-01-02,"04:59:47",2019-01-02 04:59:47,14.970429,-24.638775,"280136_1_01",-24.30488400776,13.437184094194,"Yes","",173424.60087995,-24.30488400776,13.437184094194
"91","280136_1",2019-01-02 06:59:47,13.5108560483625,-24.4616107176161,"280136","280136_1",2019-01-02,"06:59:47",2019-01-02 06:59:47,14.970429,-24.638775,"280136_1_01",-24.4616107176161,13.5108560483625,"Yes","",162616.167972022,-24.4616107176161,13.5108560483625
"92","280136_1",2019-01-02 08:59:47,13.3764506004358,-24.3779488293655,"280136","280136_1",2019-01-02,"08:59:47",2019-01-02 08:59:47,14.970429,-24.638775,"280136_1_01",-24.3779488293655,13.3764506004358,"Yes","",178591.441343039,-24.3779488293655,13.3764506004358
"93","280136_1",2019-01-02 10:59:47,13.1695042546469,-24.1635381034243,"280136","280136_1",2019-01-02,"10:59:47",2019-01-02 10:59:47,14.970429,-24.638775,"280136_1_01",-24.1635381034243,13.1695042546469,"Yes","",205756.619582982,-24.1635381034243,13.1695042546469
"94","280136_1",2019-01-02 12:59:47,13.0154281948367,-23.9788687290899,"280136","280136_1",2019-01-02,"12:59:47",2019-01-02 12:59:47,14.970429,-24.638775,"280136_1_01",-23.9788687290899,13.0154281948367,"Yes","",227743.695880318,-23.9788687290899,13.0154281948367
"95","280136_1",2019-01-02 14:59:47,12.9917620194886,-24.0217139823289,"280136","280136_1",2019-01-02,"14:59:47",2019-01-02 14:59:47,14.970429,-24.638775,"280136_1_01",-24.0217139823289,12.9917620194886,"Yes","",228841.86398018,-24.0217139823289,12.9917620194886
"96","280136_1",2019-01-02 16:59:47,13.0741822684217,-24.1972899506167,"280136","280136_1",2019-01-02,"16:59:47",2019-01-02 16:59:47,14.970429,-24.638775,"280136_1_01",-24.1972899506167,13.0741822684217,"Yes","",215149.985086599,-24.1972899506167,13.0741822684217
"97","280136_1",2019-01-02 18:59:47,13.2383679719148,-24.4110564077644,"280136","280136_1",2019-01-02,"18:59:47",2019-01-02 18:59:47,14.970429,-24.638775,"280136_1_01",-24.4110564077644,13.2383679719148,"Yes","",193205.568680812,-24.4110564077644,13.2383679719148
"98","280136_1",2019-01-02 20:59:47,13.3858594194995,-24.5629365633779,"280136","280136_1",2019-01-02,"20:59:47",2019-01-02 20:59:47,14.970429,-24.638775,"280136_1_01",-24.5629365633779,13.3858594194995,"Yes","",175508.217858213,-24.5629365633779,13.3858594194995
"99","280136_1",2019-01-02 22:59:47,13.6110873791699,-24.8165043495943,"280136","280136_1",2019-01-02,"22:59:47",2019-01-02 22:59:47,14.970429,-24.638775,"280136_1_01",-24.8165043495943,13.6110873791699,"Yes","",151616.804313616,-24.8165043495943,13.6110873791699
"100","280136_1",2019-01-03 00:59:47,13.7252592315197,-24.6394150287717,"280136","280136_1",2019-01-03,"00:59:47",2019-01-03 00:59:47,14.970429,-24.638775,"280136_1_01",-24.6394150287717,13.7252592315197,"Yes","",137767.869875177,-24.6394150287717,13.7252592315197
"101","280136_1",2019-01-03 02:59:47,13.7870088718009,-24.5103463898034,"280136","280136_1",2019-01-03,"02:59:47",2019-01-03 02:59:47,14.970429,-24.638775,"280136_1_01",-24.5103463898034,13.7870088718009,"Yes","",131666.677985311,-24.5103463898034,13.7870088718009
"102","280136_1",2019-01-03 12:59:42,13.9611665832264,-24.9082664712891,"280136","280136_1",2019-01-03,"12:59:42",2019-01-03 12:59:42,14.970429,-24.638775,"280136_1_01",-24.9082664712891,13.9611665832264,"Yes","",115385.43941097,-24.9082664712891,13.9611665832264
"103","280136_1",2019-01-03 14:59:42,14.1394716137605,-25.0585325661742,"280136","280136_1",2019-01-03,"14:59:42",2019-01-03 14:59:42,14.970429,-24.638775,"280136_1_01",-25.0585325661742,14.1394716137605,"Yes","",102466.098184084,-25.0585325661742,14.1394716137605
"104","280136_1",2019-01-03 16:59:42,14.3043604966677,-25.2191054648289,"280136","280136_1",2019-01-03,"16:59:42",2019-01-03 16:59:42,14.970429,-24.638775,"280136_1_01",-25.2191054648289,14.3043604966677,"Yes","",96642.0045491787,-25.2191054648289,14.3043604966677
"105","280136_1",2019-01-03 18:59:42,14.5643989438979,-25.4303963237471,"280136","280136_1",2019-01-03,"18:59:42",2019-01-03 18:59:42,14.970429,-24.638775,"280136_1_01",-25.4303963237471,14.5643989438979,"Yes","",96345.4854400441,-25.4303963237471,14.5643989438979
"106","280136_1",2019-01-03 20:59:42,14.8173234384944,-25.6375596225893,"280136","280136_1",2019-01-03,"20:59:42",2019-01-03 20:59:42,14.970429,-24.638775,"280136_1_01",-25.6375596225893,14.8173234384944,"Yes","",108799.392305258,-25.6375596225893,14.8173234384944
"107","280136_1",2019-01-03 22:59:42,14.9756731152699,-25.8886775069292,"280136","280136_1",2019-01-03,"22:59:42",2019-01-03 22:59:42,14.970429,-24.638775,"280136_1_01",-25.8886775069292,14.9756731152699,"Yes","",134445.561068717,-25.8886775069292,14.9756731152699
"108","280136_1",2019-01-04 00:59:42,14.9698774259822,-26.052122641375,"280136","280136_1",2019-01-04,"00:59:42",2019-01-04 00:59:42,14.970429,-24.638775,"280136_1_01",-26.052122641375,14.9698774259822,"Yes","",152027.094352399,-26.052122641375,14.9698774259822
"109","280136_1",2019-01-04 02:59:42,15.0487060391829,-26.1301201803834,"280136","280136_1",2019-01-04,"02:59:42",2019-01-04 02:59:42,14.970429,-24.638775,"280136_1_01",-26.1301201803834,15.0487060391829,"Yes","",160621.179290913,-26.1301201803834,15.0487060391829
"110","280136_1",2019-01-04 04:59:42,14.9887623416226,-26.1299610234888,"280136","280136_1",2019-01-04,"04:59:42",2019-01-04 04:59:42,14.970429,-24.638775,"280136_1_01",-26.1299610234888,14.9887623416226,"Yes","",160405.555288654,-26.1299610234888,14.9887623416226
"111","280136_1",2019-01-04 06:59:42,15.1650295115243,-26.2626095723079,"280136","280136_1",2019-01-04,"06:59:42",2019-01-04 06:59:42,14.970429,-24.638775,"280136_1_01",-26.2626095723079,15.1650295115243,"Yes","",175911.408224672,-26.2626095723079,15.1650295115243
"112","280136_1",2019-01-04 08:59:42,15.2194030526041,-26.314477627242,"280136","280136_1",2019-01-04,"08:59:42",2019-01-04 08:59:42,14.970429,-24.638775,"280136_1_01",-26.314477627242,15.2194030526041,"Yes","",182236.563944892,-26.314477627242,15.2194030526041
"113","280136_1",2019-01-04 10:59:42,15.2603112520006,-26.3352564500915,"280136","280136_1",2019-01-04,"10:59:42",2019-01-04 10:59:42,14.970429,-24.638775,"280136_1_01",-26.3352564500915,15.2603112520006,"Yes","",185157.85809322,-26.3352564500915,15.2603112520006
"114","280136_1",2019-01-04 12:59:42,15.3961304275266,-26.3747135785112,"280136","280136_1",2019-01-04,"12:59:42",2019-01-04 12:59:42,14.970429,-24.638775,"280136_1_01",-26.3747135785112,15.3961304275266,"Yes","",192395.162039896,-26.3747135785112,15.3961304275266
"115","280136_1",2019-01-04 14:59:42,15.3277255181594,-26.2735560623509,"280136","280136_1",2019-01-04,"14:59:42",2019-01-04 14:59:42,14.970429,-24.638775,"280136_1_01",-26.2735560623509,15.3277255181594,"Yes","",180091.253068101,-26.2735560623509,15.3277255181594
"116","280136_1",2019-01-04 16:59:42,15.1313104774906,-26.1038118871862,"280136","280136_1",2019-01-04,"16:59:42",2019-01-04 16:59:42,14.970429,-24.638775,"280136_1_01",-26.1038118871862,15.1313104774906,"Yes","",158530.397466614,-26.1038118871862,15.1313104774906
"117","280136_1",2019-01-04 18:59:42,14.9461047002778,-25.9270108084118,"280136","280136_1",2019-01-04,"18:59:42",2019-01-04 18:59:42,14.970429,-24.638775,"280136_1_01",-25.9270108084118,14.9461047002778,"Yes","",138603.204549361,-25.9270108084118,14.9461047002778
"118","280136_1",2019-01-04 20:59:42,14.6802549610154,-25.6951262096249,"280136","280136_1",2019-01-04,"20:59:42",2019-01-04 20:59:42,14.970429,-24.638775,"280136_1_01",-25.6951262096249,14.6802549610154,"Yes","",118148.528560293,-25.6951262096249,14.6802549610154
"119","280136_1",2019-01-04 22:59:42,14.5139111187014,-25.4710591070019,"280136","280136_1",2019-01-04,"22:59:42",2019-01-04 22:59:42,14.970429,-24.638775,"280136_1_01",-25.4710591070019,14.5139111187014,"Yes","",102872.961743057,-25.4710591070019,14.5139111187014
"120","280136_1",2019-01-05 00:59:42,14.5657567875606,-25.1580654794893,"280136","280136_1",2019-01-05,"00:59:42",2019-01-05 00:59:42,14.970429,-24.638775,"280136_1_01",-25.1580654794893,14.5657567875606,"Yes","",71628.5850397366,-25.1580654794893,14.5657567875606
"121","280136_1",2019-01-05 02:59:42,14.7444371707552,-24.7784757433789,"280136","280136_1",2019-01-05,"02:59:42",2019-01-05 02:59:42,14.970429,-24.638775,"280136_1_01",-24.7784757433789,14.7444371707552,"Yes","",29177.0476416634,-24.7784757433789,14.7444371707552
"135","280136_1",2019-01-06 06:59:42,14.6489062739063,-24.3815023240777,"280136","280136_1",2019-01-06,"06:59:42",2019-01-06 06:59:42,14.970429,-24.638775,"280136_1_02",-24.3815023240777,14.6489062739063,"Yes","",45083.7330504872,-24.3815023240777,14.6489062739063
"136","280136_1",2019-01-06 08:59:42,14.2564321414185,-24.1369939058076,"280136","280136_1",2019-01-06,"08:59:42",2019-01-06 08:59:42,14.970429,-24.638775,"280136_1_02",-24.1369939058076,14.2564321414185,"Yes","",95726.6145171207,-24.1369939058076,14.2564321414185
"137","280136_1",2019-01-06 10:59:42,14.0189239162171,-23.9475911493964,"280136","280136_1",2019-01-06,"10:59:42",2019-01-06 10:59:42,14.970429,-24.638775,"280136_1_02",-23.9475911493964,14.0189239162171,"Yes","",128975.322678378,-23.9475911493964,14.0189239162171
"138","280136_1",2019-01-06 12:59:42,14.0249226141778,-24.0263391780111,"280136","280136_1",2019-01-06,"12:59:42",2019-01-06 12:59:42,14.970429,-24.638775,"280136_1_02",-24.0263391780111,14.0249226141778,"Yes","",123702.589747026,-24.0263391780111,14.0249226141778
"139","280136_1",2019-01-06 14:59:42,13.9365972286735,-24.0148247940077,"280136","280136_1",2019-01-06,"14:59:42",2019-01-06 14:59:42,14.970429,-24.638775,"280136_1_02",-24.0148247940077,13.9365972286735,"Yes","",132701.232174695,-24.0148247940077,13.9365972286735
"140","280136_1",2019-01-06 16:59:42,13.9210687796302,-24.0385281399583,"280136","280136_1",2019-01-06,"16:59:42",2019-01-06 16:59:42,14.970429,-24.638775,"280136_1_02",-24.0385281399583,13.9210687796302,"Yes","",132923.231960092,-24.0385281399583,13.9210687796302
"141","280136_1",2019-01-06 18:59:42,14.1457428594523,-24.223269610424,"280136","280136_1",2019-01-06,"18:59:42",2019-01-06 18:59:42,14.970429,-24.638775,"280136_1_02",-24.223269610424,14.1457428594523,"Yes","",101641.000586895,-24.223269610424,14.1457428594523
"142","280136_1",2019-01-06 20:59:42,14.4852637338155,-24.3928928936019,"280136","280136_1",2019-01-06,"20:59:42",2019-01-06 20:59:42,14.970429,-24.638775,"280136_1_02",-24.3928928936019,14.4852637338155,"Yes","",59855.9455237586,-24.3928928936019,14.4852637338155
"143","280136_1",2019-01-06 22:59:42,14.7711716447658,-24.5114520816436,"280136","280136_1",2019-01-06,"22:59:42",2019-01-06 22:59:42,14.970429,-24.638775,"280136_1_02",-24.5114520816436,14.7711716447658,"Yes","",25957.9078958385,-24.5114520816436,14.7711716447658
"148","280136_1",2019-01-07 08:59:42,14.4983099361349,-24.3601808907565,"280136","280136_1",2019-01-07,"08:59:42",2019-01-07 08:59:42,14.970429,-24.638775,"280136_1_03",-24.3601808907565,14.4983099361349,"Yes","",60238.9797411613,-24.3601808907565,14.4983099361349
"149","280136_1",2019-01-07 10:59:42,14.161017756362,-24.1083209561587,"280136","280136_1",2019-01-07,"10:59:42",2019-01-07 10:59:42,14.970429,-24.638775,"280136_1_03",-24.1083209561587,14.161017756362,"Yes","",106244.641194231,-24.1083209561587,14.161017756362
"150","280136_1",2019-01-07 12:59:42,14.0067261971086,-23.9782484713212,"280136","280136_1",2019-01-07,"12:59:42",2019-01-07 12:59:42,14.970429,-24.638775,"280136_1_03",-23.9782484713212,14.0067261971086,"Yes","",128216.01633154,-23.9782484713212,14.0067261971086
"151","280136_1",2019-01-07 14:59:42,13.9000822428859,-23.9205380121759,"280136","280136_1",2019-01-07,"14:59:42",2019-01-07 14:59:42,14.970429,-24.638775,"280136_1_03",-23.9205380121759,13.9000822428859,"Yes","",141499.754797452,-23.9205380121759,13.9000822428859
"152","280136_1",2019-01-07 16:59:42,13.7189170005204,-23.8263704428556,"280136","280136_1",2019-01-07,"16:59:42",2019-01-07 16:59:42,14.970429,-24.638775,"280136_1_03",-23.8263704428556,13.7189170005204,"Yes","",163869.170117383,-23.8263704428556,13.7189170005204
"153","280136_1",2019-01-07 18:59:42,13.6405452611261,-23.8030245446679,"280136","280136_1",2019-01-07,"18:59:42",2019-01-07 18:59:42,14.970429,-24.638775,"280136_1_03",-23.8030245446679,13.6405452611261,"Yes","",172568.853677674,-23.8030245446679,13.6405452611261
"154","280136_1",2019-01-07 20:59:42,13.664843246543,-23.792173012288,"280136","280136_1",2019-01-07,"20:59:42",2019-01-07 20:59:42,14.970429,-24.638775,"280136_1_03",-23.792173012288,13.664843246543,"Yes","",170902.767816986,-23.792173012288,13.664843246543
"155","280136_1",2019-01-07 22:59:42,13.7912228980904,-23.7352388358162,"280136","280136_1",2019-01-07,"22:59:42",2019-01-07 22:59:42,14.970429,-24.638775,"280136_1_03",-23.7352388358162,13.7912228980904,"Yes","",162844.063767196,-23.7352388358162,13.7912228980904
"156","280136_1",2019-01-08 00:59:42,13.6658578610343,-23.4759500447624,"280136","280136_1",2019-01-08,"00:59:42",2019-01-08 00:59:42,14.970429,-24.638775,"280136_1_03",-23.4759500447624,13.6658578610343,"Yes","",191234.017615643,-23.4759500447624,13.6658578610343
"157","280136_1",2019-01-08 02:59:42,13.5859241981076,-23.2010783586871,"280136","280136_1",2019-01-08,"02:59:42",2019-01-08 02:59:42,14.970429,-24.638775,"280136_1_03",-23.2010783586871,13.5859241981076,"Yes","",218011.34108066,-23.2010783586871,13.5859241981076
"158","280136_1",2019-01-08 04:59:42,13.5121744911004,-22.9762374498063,"280136","280136_1",2019-01-08,"04:59:42",2019-01-08 04:59:42,14.970429,-24.638775,"280136_1_03",-22.9762374498063,13.5121744911004,"Yes","",241289.756182854,-22.9762374498063,13.5121744911004
"159","280136_1",2019-01-08 06:59:42,13.3859950651943,-22.7529390277088,"280136","280136_1",2019-01-08,"06:59:42",2019-01-08 06:59:42,14.970429,-24.638775,"280136_1_03",-22.7529390277088,13.3859950651943,"Yes","",268645.062864909,-22.7529390277088,13.3859950651943
"160","280136_1",2019-01-08 08:59:42,13.2095125589657,-22.5685258170181,"280136","280136_1",2019-01-08,"08:59:42",2019-01-08 08:59:42,14.970429,-24.638775,"280136_1_03",-22.5685258170181,13.2095125589657,"Yes","",296538.74320596,-22.5685258170181,13.2095125589657
"161","280136_1",2019-01-08 10:59:42,13.1208626797484,-22.4765535985865,"280136","280136_1",2019-01-08,"10:59:42",2019-01-08 10:59:42,14.970429,-24.638775,"280136_1_03",-22.4765535985865,13.1208626797484,"Yes","",310503.775037171,-22.4765535985865,13.1208626797484
"162","280136_1",2019-01-08 12:59:42,13.0842343333824,-22.4355944507476,"280136","280136_1",2019-01-08,"12:59:42",2019-01-08 12:59:42,14.970429,-24.638775,"280136_1_03",-22.4355944507476,13.0842343333824,"Yes","",316515.387820898,-22.4355944507476,13.0842343333824
"163","280136_1",2019-01-08 14:59:42,13.063600823676,-22.4040984176743,"280136","280136_1",2019-01-08,"14:59:42",2019-01-08 14:59:42,14.970429,-24.638775,"280136_1_03",-22.4040984176743,13.063600823676,"Yes","",320586.588293745,-22.4040984176743,13.063600823676
"164","280136_1",2019-01-08 16:59:42,13.0229266736977,-22.3405423017368,"280136","280136_1",2019-01-08,"16:59:42",2019-01-08 16:59:42,14.970429,-24.638775,"280136_1_03",-22.3405423017368,13.0229266736977,"Yes","",328734.975524321,-22.3405423017368,13.0229266736977
"165","280136_1",2019-01-08 18:59:42,13.0048669803439,-22.3078642121919,"280136","280136_1",2019-01-08,"18:59:42",2019-01-08 18:59:42,14.970429,-24.638775,"280136_1_03",-22.3078642121919,13.0048669803439,"Yes","",332718.832391298,-22.3078642121919,13.0048669803439
"166","280136_1",2019-01-08 20:59:42,13.0522122559384,-22.3692014204882,"280136","280136_1",2019-01-08,"20:59:42",2019-01-08 20:59:42,14.970429,-24.638775,"280136_1_03",-22.3692014204882,13.0522122559384,"Yes","",324262.05781265,-22.3692014204882,13.0522122559384
"167","280136_1",2019-01-08 22:59:42,13.207630255507,-22.5876119704499,"280136","280136_1",2019-01-08,"22:59:42",2019-01-08 22:59:42,14.970429,-24.638775,"280136_1_03",-22.5876119704499,13.207630255507,"Yes","",295126.300436302,-22.5876119704499,13.207630255507
"168","280136_1",2019-01-09 00:59:42,13.3065168198062,-22.6878642633848,"280136","280136_1",2019-01-09,"00:59:42",2019-01-09 00:59:42,14.970429,-24.638775,"280136_1_03",-22.6878642633848,13.3065168198062,"Yes","",279740.255667909,-22.6878642633848,13.3065168198062
"169","280136_1",2019-01-09 02:59:42,13.3831870779237,-22.7153720426479,"280136","280136_1",2019-01-09,"02:59:42",2019-01-09 02:59:42,14.970429,-24.638775,"280136_1_03",-22.7153720426479,13.3831870779237,"Yes","",271932.242650061,-22.7153720426479,13.3831870779237
"170","280136_1",2019-01-09 04:59:42,13.5268431507278,-22.8469851271488,"280136","280136_1",2019-01-09,"04:59:42",2019-01-09 04:59:42,14.970429,-24.638775,"280136_1_03",-22.8469851271488,13.5268431507278,"Yes","",250792.724913568,-22.8469851271488,13.5268431507278
"171","280136_1",2019-01-09 06:59:42,13.5709416588865,-22.9312928891908,"280136","280136_1",2019-01-09,"06:59:42",2019-01-09 06:59:42,14.970429,-24.638775,"280136_1_03",-22.9312928891908,13.5709416588865,"Yes","",240666.494120915,-22.9312928891908,13.5709416588865
"172","280136_1",2019-01-09 08:59:42,13.5667969075128,-22.9186689975622,"280136","280136_1",2019-01-09,"08:59:42",2019-01-09 08:59:42,14.970429,-24.638775,"280136_1_03",-22.9186689975622,13.5667969075128,"Yes","",242006.148745365,-22.9186689975622,13.5667969075128
"173","280136_1",2019-01-09 10:59:42,13.5475889966516,-22.9395152967572,"280136","280136_1",2019-01-09,"10:59:42",2019-01-09 10:59:42,14.970429,-24.638775,"280136_1_03",-22.9395152967572,13.5475889966516,"Yes","",241669.985432203,-22.9395152967572,13.5475889966516
"174","280136_1",2019-01-09 12:59:42,13.5465358762412,-23.1243754407035,"280136","280136_1",2019-01-09,"12:59:42",2019-01-09 12:59:42,14.970429,-24.638775,"280136_1_03",-23.1243754407035,13.5465358762412,"Yes","",226988.351309416,-23.1243754407035,13.5465358762412
"175","280136_1",2019-01-09 14:59:42,13.5702845794826,-23.3862280566657,"280136","280136_1",2019-01-09,"14:59:42",2019-01-09 14:59:42,14.970429,-24.638775,"280136_1_03",-23.3862280566657,13.5702845794826,"Yes","",205582.940636481,-23.3862280566657,13.5702845794826
"176","280136_1",2019-01-09 16:59:42,13.6254253414908,-23.6377251172116,"280136","280136_1",2019-01-09,"16:59:42",2019-01-09 16:59:42,14.970429,-24.638775,"280136_1_03",-23.6377251172116,13.6254253414908,"Yes","",183874.413995789,-23.6377251172116,13.6254253414908
"177","280136_1",2019-01-09 18:59:42,13.7199141089347,-23.9134718603993,"280136","280136_1",2019-01-09,"18:59:42",2019-01-09 18:59:42,14.970429,-24.638775,"280136_1_03",-23.9134718603993,13.7199141089347,"Yes","",158946.979917713,-23.9134718603993,13.7199141089347
"178","280136_1",2019-01-09 20:59:42,13.8615419792539,-24.2481230914115,"280136","280136_1",2019-01-09,"20:59:42",2019-01-09 20:59:42,14.970429,-24.638775,"280136_1_03",-24.2481230914115,13.8615419792539,"Yes","",129720.311677556,-24.2481230914115,13.8615419792539
"179","280136_1",2019-01-09 22:59:42,13.9972644690817,-24.5526111468885,"280136","280136_1",2019-01-09,"22:59:42",2019-01-09 22:59:42,14.970429,-24.638775,"280136_1_03",-24.5526111468885,13.9972644690817,"Yes","",108073.824497383,-24.5526111468885,13.9972644690817
"180","280136_1",2019-01-10 00:59:42,14.1360282112178,-24.8067361414927,"280136","280136_1",2019-01-10,"00:59:42",2019-01-10 00:59:42,14.970429,-24.638775,"280136_1_03",-24.8067361414927,14.1360282112178,"Yes","",94078.9299487675,-24.8067361414927,14.1360282112178
"181","280136_1",2019-01-10 02:59:42,14.173311974902,-24.9610025818433,"280136","280136_1",2019-01-10,"02:59:42",2019-01-10 02:59:42,14.970429,-24.638775,"280136_1_03",-24.9610025818433,14.173311974902,"Yes","",94785.1983993934,-24.9610025818433,14.173311974902
"182","280136_1",2019-01-10 04:59:42,14.2160731683042,-24.9498097298241,"280136","280136_1",2019-01-10,"04:59:42",2019-01-10 04:59:42,14.970429,-24.638775,"280136_1_03",-24.9498097298241,14.2160731683042,"Yes","",89942.0124161281,-24.9498097298241,14.2160731683042
"183","280136_1",2019-01-10 06:59:42,14.2842487759983,-25.0225173564375,"280136","280136_1",2019-01-10,"06:59:42",2019-01-10 06:59:42,14.970429,-24.638775,"280136_1_03",-25.0225173564375,14.2842487759983,"Yes","",86448.0363147348,-25.0225173564375,14.2842487759983
"184","280136_1",2019-01-10 08:59:42,14.2936695139924,-24.9979901192672,"280136","280136_1",2019-01-10,"08:59:42",2019-01-10 08:59:42,14.970429,-24.638775,"280136_1_03",-24.9979901192672,14.2936695139924,"Yes","",84288.3052858571,-24.9979901192672,14.2936695139924
"185","280136_1",2019-01-10 10:59:42,14.2660655143484,-24.9407808486628,"280136","280136_1",2019-01-10,"10:59:42",2019-01-10 10:59:42,14.970429,-24.638775,"280136_1_03",-24.9407808486628,14.2660655143484,"Yes","",84453.1841989861,-24.9407808486628,14.2660655143484
"186","280136_1",2019-01-10 16:59:46,14.1758020926478,-24.7035234895185,"280136","280136_1",2019-01-10,"16:59:46",2019-01-10 16:59:46,14.970429,-24.638775,"280136_1_03",-24.7035234895185,14.1758020926478,"Yes","",88197.0525948273,-24.7035234895185,14.1758020926478
"187","280136_1",2019-01-10 18:59:46,14.3286013823192,-24.6603679973746,"280136","280136_1",2019-01-10,"18:59:46",2019-01-10 18:59:46,14.970429,-24.638775,"280136_1_03",-24.6603679973746,14.3286013823192,"Yes","",71052.8763545864,-24.6603679973746,14.3286013823192
"188","280136_1",2019-01-10 20:59:46,14.4598708808884,-24.5641376976234,"280136","280136_1",2019-01-10,"20:59:46",2019-01-10 20:59:46,14.970429,-24.638775,"280136_1_03",-24.5641376976234,14.4598708808884,"Yes","",57059.7834394139,-24.5641376976234,14.4598708808884
"189","280136_1",2019-01-10 22:59:46,14.5780607863605,-24.5750232342295,"280136","280136_1",2019-01-10,"22:59:46",2019-01-10 22:59:46,14.970429,-24.638775,"280136_1_03",-24.5750232342295,14.5780607863605,"Yes","",43953.1086565548,-24.5750232342295,14.5780607863605
"190","280136_1",2019-01-11 00:59:46,14.380836718097,-24.4360226537253,"280136","280136_1",2019-01-11,"00:59:46",2019-01-11 00:59:46,14.970429,-24.638775,"280136_1_03",-24.4360226537253,14.380836718097,"Yes","",68793.597833402,-24.4360226537253,14.380836718097
"191","280136_1",2019-01-11 02:59:46,14.1897962784303,-24.306927959546,"280136","280136_1",2019-01-11,"02:59:46",2019-01-11 02:59:46,14.970429,-24.638775,"280136_1_03",-24.306927959546,14.1897962784303,"Yes","",93481.6455569004,-24.306927959546,14.1897962784303
"192","280136_1",2019-01-11 04:59:46,14.0825977753433,-24.1771990450038,"280136","280136_1",2019-01-11,"04:59:46",2019-01-11 04:59:46,14.970429,-24.638775,"280136_1_03",-24.1771990450038,14.0825977753433,"Yes","",110111.873991344,-24.1771990450038,14.0825977753433
"193","280136_1",2019-01-11 06:59:46,13.8878095395983,-24.099541387727,"280136","280136_1",2019-01-11,"06:59:46",2019-01-11 06:59:46,14.970429,-24.638775,"280136_1_03",-24.099541387727,13.8878095395983,"Yes","",133149.806156275,-24.099541387727,13.8878095395983
"194","280136_1",2019-01-11 08:59:46,13.684290148456,-24.0675142161605,"280136","280136_1",2019-01-11,"08:59:46",2019-01-11 08:59:46,14.970429,-24.638775,"280136_1_03",-24.0675142161605,13.684290148456,"Yes","",155071.050530916,-24.0675142161605,13.684290148456
"195","280136_1",2019-01-11 10:59:46,13.6084230542717,-24.0782500141324,"280136","280136_1",2019-01-11,"10:59:46",2019-01-11 10:59:46,14.970429,-24.638775,"280136_1_03",-24.0782500141324,13.6084230542717,"Yes","",162376.448049915,-24.0782500141324,13.6084230542717
"196","280136_1",2019-01-11 12:59:46,13.7628306692561,-24.3592688778975,"280136","280136_1",2019-01-11,"12:59:46",2019-01-11 12:59:46,14.970429,-24.638775,"280136_1_03",-24.3592688778975,13.7628306692561,"Yes","",136969.821049929,-24.3592688778975,13.7628306692561
"197","280136_1",2019-01-11 14:59:46,13.8406240083933,-24.493539314949,"280136","280136_1",2019-01-11,"14:59:46",2019-01-11 14:59:46,14.970429,-24.638775,"280136_1_03",-24.493539314949,13.8406240083933,"Yes","",125981.612362811,-24.493539314949,13.8406240083933
"198","280136_1",2019-01-11 16:59:46,13.9413060121941,-24.5599463915832,"280136","280136_1",2019-01-11,"16:59:46",2019-01-11 16:59:46,14.970429,-24.638775,"280136_1_03",-24.5599463915832,13.9413060121941,"Yes","",114181.809397943,-24.5599463915832,13.9413060121941
"199","280136_1",2019-01-11 18:59:46,14.1643735189698,-24.6376715944198,"280136","280136_1",2019-01-11,"18:59:46",2019-01-11 18:59:46,14.970429,-24.638775,"280136_1_03",-24.6376715944198,14.1643735189698,"Yes","",89185.1808568814,-24.6376715944198,14.1643735189698
"200","280136_1",2019-01-11 20:59:46,14.4853797176686,-24.6276536981409,"280136","280136_1",2019-01-11,"20:59:46",2019-01-11 20:59:46,14.970429,-24.638775,"280136_1_03",-24.6276536981409,14.4853797176686,"Yes","",53681.8312571433,-24.6276536981409,14.4853797176686
"201","280136_1",2019-01-11 22:59:46,14.7806804893575,-24.5018197694173,"280136","280136_1",2019-01-11,"22:59:46",2019-01-11 22:59:46,14.970429,-24.638775,"280136_1_03",-24.5018197694173,14.7806804893575,"Yes","",25651.4769258851,-24.5018197694173,14.7806804893575
"214","280136_1",2019-01-13 06:59:49,14.6730766937646,-24.4211140414122,"280136","280136_1",2019-01-13,"06:59:49",2019-01-13 06:59:49,14.970429,-24.638775,"280136_1_04",-24.4211140414122,14.6730766937646,"No","",40390.1656893926,-24.4211140414122,14.6730766937646
"215","280136_1",2019-01-13 08:59:49,14.293854601796,-24.1744354518787,"280136","280136_1",2019-01-13,"08:59:49",2019-01-13 08:59:49,14.970429,-24.638775,"280136_1_04",-24.1744354518787,14.293854601796,"No","",90034.6124906613,-24.1744354518787,14.293854601796
"216","280136_1",2019-01-13 10:59:49,14.097999572698,-23.88406334924,"280136","280136_1",2019-01-13,"10:59:49",2019-01-13 10:59:49,14.970429,-24.638775,"280136_1_04",-23.88406334924,14.097999572698,"No","",126230.37106041,-23.88406334924,14.097999572698
"217","280136_1",2019-01-13 12:59:49,13.951715163504,-23.7189254701941,"280136","280136_1",2019-01-13,"12:59:49",2019-01-13 12:59:49,14.970429,-24.638775,"280136_1_04",-23.7189254701941,13.951715163504,"No","",150130.610627945,-23.7189254701941,13.951715163504
"218","280136_1",2019-01-13 14:59:49,13.933397915385,-23.7465046695051,"280136","280136_1",2019-01-13,"14:59:49",2019-01-13 14:59:49,14.970429,-24.638775,"280136_1_04",-23.7465046695051,13.933397915385,"No","",149733.061134401,-23.7465046695051,13.933397915385
"219","280136_1",2019-01-13 16:59:49,13.9746178084325,-23.8321892835069,"280136","280136_1",2019-01-13,"16:59:49",2019-01-13 16:59:49,14.970429,-24.638775,"280136_1_04",-23.8321892835069,13.9746178084325,"No","",140359.357553511,-23.8321892835069,13.9746178084325
"220","280136_1",2019-01-13 18:59:49,14.1407687712393,-23.9985046887204,"280136","280136_1",2019-01-13,"18:59:49",2019-01-13 18:59:49,14.970429,-24.638775,"280136_1_04",-23.9985046887204,14.1407687712393,"No","",114837.414837004,-23.9985046887204,14.1407687712393
"221","280136_1",2019-01-13 20:59:49,14.3148623209173,-24.1156495727383,"280136","280136_1",2019-01-13,"20:59:49",2019-01-13 20:59:49,14.970429,-24.638775,"280136_1_04",-24.1156495727383,14.3148623209173,"No","",91853.4159760024,-24.1156495727383,14.3148623209173
"222","280136_1",2019-01-13 22:59:49,14.4829843488073,-24.368291428283,"280136","280136_1",2019-01-13,"22:59:49",2019-01-13 22:59:49,14.970429,-24.638775,"280136_1_04",-24.368291428283,14.4829843488073,"No","",61295.9070939928,-24.368291428283,14.4829843488073
"225","280139_1",2018-12-15 02:59:47,14.4548999785891,-24.7562023790718,"280139","280139_1",2018-12-15,"02:59:47",2018-12-15 02:59:47,14.970429,-24.638775,"280139_1_01",-24.7562023790718,14.4548999785891,"Yes","",58425.7943090044,-24.7562023790718,14.4548999785891
"226","280139_1",2018-12-15 04:59:47,14.1943292157076,-24.801813660813,"280139","280139_1",2018-12-15,"04:59:47",2018-12-15 04:59:47,14.970429,-24.638775,"280139_1_01",-24.801813660813,14.1943292157076,"Yes","",87649.4566671691,-24.801813660813,14.1943292157076
"227","280139_1",2018-12-15 06:59:47,14.2598944417551,-24.8231172087598,"280139","280139_1",2018-12-15,"06:59:47",2018-12-15 06:59:47,14.970429,-24.638775,"280139_1_01",-24.8231172087598,14.2598944417551,"Yes","",81086.4703117285,-24.8231172087598,14.2598944417551
"228","280139_1",2018-12-15 08:59:47,14.3040208756464,-24.857680195535,"280139","280139_1",2018-12-15,"08:59:47",2018-12-15 08:59:47,14.970429,-24.638775,"280139_1_01",-24.857680195535,14.3040208756464,"Yes","",77413.6642418783,-24.857680195535,14.3040208756464
"229","280139_1",2018-12-15 10:59:47,14.5396962748592,-25.0275744030792,"280139","280139_1",2018-12-15,"10:59:47",2018-12-15 10:59:47,14.970429,-24.638775,"280139_1_01",-25.0275744030792,14.5396962748592,"Yes","",63433.4028738484,-25.0275744030792,14.5396962748592
"230","280139_1",2018-12-15 12:59:47,14.6121148764384,-25.1826514857991,"280139","280139_1",2018-12-15,"12:59:47",2018-12-15 12:59:47,14.970429,-24.638775,"280139_1_01",-25.1826514857991,14.6121148764384,"Yes","",70710.0914119151,-25.1826514857991,14.6121148764384
"231","280139_1",2018-12-15 14:59:47,14.4213165490283,-25.0637875517775,"280139","280139_1",2018-12-15,"14:59:47",2018-12-15 14:59:47,14.970429,-24.638775,"280139_1_01",-25.0637875517775,14.4213165490283,"Yes","",76069.5526264691,-25.0637875517775,14.4213165490283
"232","280139_1",2018-12-15 16:59:47,14.0779947292699,-24.9401751631419,"280139","280139_1",2018-12-15,"16:59:47",2018-12-15 16:59:47,14.970429,-24.638775,"280139_1_01",-24.9401751631419,14.0779947292699,"Yes","",103948.467575223,-24.9401751631419,14.0779947292699
"233","280139_1",2018-12-15 18:59:47,13.9950417156329,-24.9788141878214,"280139","280139_1",2018-12-15,"18:59:47",2018-12-15 18:59:47,14.970429,-24.638775,"280139_1_01",-24.9788141878214,13.9950417156329,"Yes","",113975.452200016,-24.9788141878214,13.9950417156329
"234","280139_1",2018-12-15 20:59:47,14.061043831932,-25.0646800740584,"280139","280139_1",2018-12-15,"20:59:47",2018-12-15 20:59:47,14.970429,-24.638775,"280139_1_01",-25.0646800740584,14.061043831932,"Yes","",110595.088168049,-25.0646800740584,14.061043831932
"235","280139_1",2018-12-15 22:59:47,14.1640526916798,-25.0826575106402,"280139","280139_1",2018-12-15,"22:59:47",2018-12-15 22:59:47,14.970429,-24.638775,"280139_1_01",-25.0826575106402,14.1640526916798,"Yes","",101234.054170319,-25.0826575106402,14.1640526916798
"236","280139_1",2018-12-16 00:59:47,13.9597064072821,-24.932413870338,"280139","280139_1",2018-12-16,"00:59:47",2018-12-16 00:59:47,14.970429,-24.638775,"280139_1_01",-24.932413870338,13.9597064072821,"Yes","",116223.755852709,-24.932413870338,13.9597064072821
"237","280139_1",2018-12-16 02:59:47,13.7464446333657,-24.8035458972398,"280139","280139_1",2018-12-16,"02:59:47",2018-12-16 02:59:47,14.970429,-24.638775,"280139_1_01",-24.8035458972398,13.7464446333657,"Yes","",136585.156472921,-24.8035458972398,13.7464446333657
"238","280139_1",2018-12-16 04:59:47,13.5767705738747,-24.7625916827239,"280139","280139_1",2018-12-16,"04:59:47",2018-12-16 04:59:47,14.970429,-24.638775,"280139_1_01",-24.7625916827239,13.5767705738747,"Yes","",154773.627677986,-24.7625916827239,13.5767705738747
"239","280139_1",2018-12-16 06:59:47,13.6050080711081,-24.8754363218522,"280139","280139_1",2018-12-16,"06:59:47",2018-12-16 06:59:47,14.970429,-24.638775,"280139_1_01",-24.8754363218522,13.6050080711081,"Yes","",153214.592952236,-24.8754363218522,13.6050080711081
"240","280139_1",2018-12-16 08:59:47,13.7367777009336,-25.0354227778132,"280139","280139_1",2018-12-16,"08:59:47",2018-12-16 08:59:47,14.970429,-24.638775,"280139_1_01",-25.0354227778132,13.7367777009336,"Yes","",143041.566628976,-25.0354227778132,13.7367777009336
"241","280139_1",2018-12-16 10:59:47,13.9075685819536,-25.1272335098498,"280139","280139_1",2018-12-16,"10:59:47",2018-12-16 10:59:47,14.970429,-24.638775,"280139_1_01",-25.1272335098498,13.9075685819536,"Yes","",128852.620374042,-25.1272335098498,13.9075685819536
"242","280139_1",2018-12-16 12:59:47,13.8759440832779,-25.1333407292836,"280139","280139_1",2018-12-16,"12:59:47",2018-12-16 12:59:47,14.970429,-24.638775,"280139_1_01",-25.1333407292836,13.8759440832779,"Yes","",132319.102774628,-25.1333407292836,13.8759440832779
"243","280139_1",2018-12-16 14:59:47,13.8674651789192,-25.1540001274792,"280139","280139_1",2018-12-16,"14:59:47",2018-12-16 14:59:47,14.970429,-24.638775,"280139_1_01",-25.1540001274792,13.8674651789192,"Yes","",134086.173277845,-25.1540001274792,13.8674651789192
"244","280139_1",2018-12-16 16:59:47,14.1077756302954,-25.2895551724053,"280139","280139_1",2018-12-16,"16:59:47",2018-12-16 16:59:47,14.970429,-24.638775,"280139_1_01",-25.2895551724053,14.1077756302954,"Yes","",118445.941563828,-25.2895551724053,14.1077756302954
"245","280139_1",2018-12-16 18:59:47,14.2468147017287,-25.3139646126634,"280139","280139_1",2018-12-16,"18:59:47",2018-12-16 18:59:47,14.970429,-24.638775,"280139_1_01",-25.3139646126634,14.2468147017287,"Yes","",108176.647018917,-25.3139646126634,14.2468147017287
"246","280139_1",2018-12-16 20:59:47,14.2456261677398,-25.0135457357463,"280139","280139_1",2018-12-16,"20:59:47",2018-12-16 20:59:47,14.970429,-24.638775,"280139_1_01",-25.0135457357463,14.2456261677398,"Yes","",89786.9116307112,-25.0135457357463,14.2456261677398
"247","280139_1",2018-12-16 22:59:47,14.4697458761416,-24.8911989903644,"280139","280139_1",2018-12-16,"22:59:47",2018-12-16 22:59:47,14.970429,-24.638775,"280139_1_01",-24.8911989903644,14.4697458761416,"Yes","",61707.9386039566,-24.8911989903644,14.4697458761416
"248","280139_1",2018-12-17 00:59:47,14.614518910226,-24.8694220144859,"280139","280139_1",2018-12-17,"00:59:47",2018-12-17 00:59:47,14.970429,-24.638775,"280139_1_01",-24.8694220144859,14.614518910226,"Yes","",46554.2116375171,-24.8694220144859,14.614518910226
"249","280139_1",2018-12-17 02:59:47,14.8506462027231,-24.6316360463465,"280139","280139_1",2018-12-17,"02:59:47",2018-12-17 02:59:47,14.970429,-24.638775,"280139_1_01",-24.6316360463465,14.8506462027231,"Yes","",13275.8648068536,-24.6316360463465,14.8506462027231
"251","280139_1",2018-12-17 06:59:47,14.6057979309571,-24.7827070790339,"280139","280139_1",2018-12-17,"06:59:47",2018-12-17 06:59:47,14.970429,-24.638775,"280139_1_02",-24.7827070790339,14.6057979309571,"No","",43218.1096649431,-24.7827070790339,14.6057979309571
"252","280139_1",2018-12-17 08:59:47,14.4484876921994,-24.7225286933414,"280139","280139_1",2018-12-17,"08:59:47",2018-12-17 08:59:47,14.970429,-24.638775,"280139_1_02",-24.7225286933414,14.4484876921994,"No","",58450.4198222212,-24.7225286933414,14.4484876921994
"253","280139_1",2018-12-17 10:59:47,14.3658089854677,-24.96561447274,"280139","280139_1",2018-12-17,"10:59:47",2018-12-17 10:59:47,14.970429,-24.638775,"280139_1_02",-24.96561447274,14.3658089854677,"No","",75595.7648674701,-24.96561447274,14.3658089854677
"254","280139_1",2018-12-17 12:59:47,14.0411612526587,-24.727210255341,"280139","280139_1",2018-12-17,"12:59:47",2018-12-17 12:59:47,14.970429,-24.638775,"280139_1_02",-24.727210255341,14.0411612526587,"No","",103258.187817766,-24.727210255341,14.0411612526587
"255","280139_1",2018-12-17 14:59:47,13.8923683308427,-24.7332612976201,"280139","280139_1",2018-12-17,"14:59:47",2018-12-17 14:59:47,14.970429,-24.638775,"280139_1_02",-24.7332612976201,13.8923683308427,"No","",119713.739010534,-24.7332612976201,13.8923683308427
"256","280139_1",2018-12-17 16:59:47,13.7128280180879,-24.7227613845902,"280139","280139_1",2018-12-17,"16:59:47",2018-12-17 16:59:47,14.970429,-24.638775,"280139_1_02",-24.7227613845902,13.7128280180879,"No","",139437.804061046,-24.7227613845902,13.7128280180879
"257","280139_1",2018-12-17 18:59:47,13.6368700878148,-24.7785294974836,"280139","280139_1",2018-12-17,"18:59:47",2018-12-17 18:59:47,14.970429,-24.638775,"280139_1_02",-24.7785294974836,13.6368700878148,"No","",148315.212589576,-24.7785294974836,13.6368700878148
"258","280139_1",2018-12-17 20:59:47,13.798985973034,-24.9834710746297,"280139","280139_1",2018-12-17,"20:59:47",2018-12-17 20:59:47,14.970429,-24.638775,"280139_1_02",-24.9834710746297,13.798985973034,"No","",134836.808578695,-24.9834710746297,13.798985973034
"259","280139_1",2018-12-17 22:59:47,13.7346798922583,-24.9676414251287,"280139","280139_1",2018-12-17,"22:59:47",2018-12-17 22:59:47,14.970429,-24.638775,"280139_1_02",-24.9676414251287,13.7346798922583,"No","",141252.189149352,-24.9676414251287,13.7346798922583
"260","280139_1",2018-12-18 00:59:47,13.6009641510221,-24.7992517794117,"280139","280139_1",2018-12-18,"00:59:47",2018-12-18 00:59:47,14.970429,-24.638775,"280139_1_02",-24.7992517794117,13.6009641510221,"No","",152505.377392608,-24.7992517794117,13.6009641510221
"261","280139_1",2018-12-18 02:59:47,13.5895461602869,-24.803567784735,"280139","280139_1",2018-12-18,"02:59:47",2018-12-18 02:59:47,14.970429,-24.638775,"280139_1_02",-24.803567784735,13.5895461602869,"No","",153813.689234529,-24.803567784735,13.5895461602869
"262","280139_1",2018-12-18 04:59:47,13.5950804608077,-24.8058823575651,"280139","280139_1",2018-12-18,"04:59:47",2018-12-18 04:59:47,14.970429,-24.638775,"280139_1_02",-24.8058823575651,13.5950804608077,"No","",153234.682599889,-24.8058823575651,13.5950804608077
