Date, Time, Latitude, Longitude, Altitude, Satellites, HDOP, PDOP, Temperature [C], Speed [km/h], TTFF, SNR AVG, SNR MAX
2023-03-12, 09:00:01,14.9442517,-24.6392333,24,4,2.7,2.8,22,27.78,37,38,42
2023-03-12, 11:24:47,14.9735067,-24.657215,28,5,1.5,1.8,24,57.412,23,38,42
2023-03-12, 11:29:39,14.9838367,-24.66288,22,4,1.5,1.8,23,1.852,16,35,40
2023-03-12, 11:34:50,14.994325,-24.6639083,132,4,1.5,1.8,22,79.636,27,37,41
2023-03-12, 11:39:38,14.9980367,-24.66389,132,5,1.4,1.7,22,61.116,15,36,42
2023-03-12, 11:44:38,15.0090133,-24.6664917,54,4,2.9,3.1,22,31.484,14,37,41
2023-03-12, 11:49:41,15.0242783,-24.6683333,112,5,1.3,1.6,23,50.004,17,37,41
2023-03-12, 11:54:39,15.044515,-24.6761267,38,4,1.3,1.6,24,0,15,38,43
2023-03-12, 12:00:01,15.0445367,-24.6756183,6,9,0.7,1.1,24,0,37,38,44
2023-03-12, 12:04:24,15.044415,-24.6751783,6,9,0.7,1.1,24,1.852,1,38,44
2023-03-12, 12:09:24,15.047265,-24.67639,2,11,0.7,1.1,23,55.56,1,35,41
2023-03-12, 12:14:24,15.05171,-24.6788883,0,11,0.7,1.1,24,0,1,36,43
2023-03-12, 12:19:24,15.051405,-24.6785617,4,11,0.7,1.1,25,3.704,1,35,42
2023-03-12, 12:24:24,15.05114,-24.6782683,12,10,0.7,1.1,24,9.26,1,36,42
2023-03-12, 12:29:24,15.0508817,-24.6778183,16,10,0.7,1.1,24,0,1,35,43
2023-03-12, 12:34:24,15.0506483,-24.6772683,10,10,0.7,1.1,24,0,1,36,44
2023-03-12, 12:39:24,15.0565867,-24.6769,14,10,0.7,1.1,24,0,1,35,43
2023-03-12, 12:44:24,15.056415,-24.67636,12,8,0.8,1.2,24,0,1,35,42
2023-03-12, 12:49:25,15.056215,-24.6759317,14,10,0.7,1.1,24,1.852,2,36,43
2023-03-12, 12:54:24,15.05604,-24.6754933,18,9,0.8,1.1,24,0,1,36,44
2023-03-12, 12:59:24,15.0555967,-24.6751817,24,10,0.7,1.1,24,0,1,35,43
2023-03-12, 13:04:24,15.0553083,-24.674745,26,9,0.8,1.1,24,0,1,34,41
2023-03-12, 13:09:24,15.0551267,-24.6743267,32,9,0.8,1.2,24,1.852,1,37,43
2023-03-12, 13:14:24,15.0548417,-24.6740867,24,9,0.8,1.2,24,1.852,1,35,43
2023-03-12, 13:19:24,15.0545383,-24.67371,38,8,0.9,1.2,24,1.852,1,36,43
2023-03-12, 13:24:24,15.05439,-24.6733883,20,5,1.6,1.8,24,3.704,1,29,35
2023-03-12, 13:29:24,15.0546133,-24.6732567,-60,5,1.8,2,24,11.112,1,37,44
2023-03-12, 13:34:24,15.0577617,-24.6704917,52,8,0.9,1.2,23,0,1,35,42
2023-03-12, 13:39:24,15.0574483,-24.6703167,40,8,0.9,1.2,23,0,1,36,43
2023-03-12, 13:44:24,15.0571583,-24.6702933,8,9,0.9,1.2,23,0,1,35,42
2023-03-12, 13:49:25,15.0566083,-24.669885,132,6,1.1,1.4,24,0,2,35,43
2023-03-12, 13:54:25,15.0732667,-24.6750117,76,8,1,1.3,23,40.744,2,36,41
2023-03-12, 13:59:24,15.0825133,-24.6763767,-14,5,1.3,1.6,24,33.336,1,36,43
2023-03-12, 14:04:26,15.102255,-24.683505,68,6,1.2,1.5,24,38.892,3,38,42
2023-03-12, 14:09:26,15.1223717,-24.6893433,74,6,1.2,1.5,24,27.78,3,37,42
2023-03-12, 14:14:26,15.1431317,-24.6970933,74,6,1.2,1.5,25,24.076,3,37,42
2023-03-12, 14:19:26,15.1607883,-24.6956333,114,7,1.2,1.5,25,33.336,3,36,43
2023-03-12, 14:24:26,15.17217,-24.693945,90,6,1.3,1.6,23,25.928,3,38,42
2023-03-12, 14:29:26,15.1859183,-24.69409,80,7,1.3,1.5,23,48.152,3,36,43
2023-03-12, 14:34:26,15.186715,-24.694745,36,6,1.4,1.7,23,0,3,34,42
2023-03-12, 14:39:26,15.185895,-24.6947317,30,6,1.5,1.7,23,1.852,3,36,40
2023-03-12, 14:44:26,15.1851017,-24.6946783,70,7,1.5,1.7,24,0,3,36,43
2023-03-12, 14:49:26,15.184385,-24.6947067,40,7,1.5,1.8,24,1.852,3,35,42
2023-03-12, 14:54:26,15.1836233,-24.6947417,62,7,1.6,1.8,23,3.704,3,34,43
2023-03-12, 14:59:26,15.18293,-24.6947733,62,7,1.7,1.9,23,1.852,3,36,43
2023-03-12, 15:04:26,15.182155,-24.6947083,40,6,1.9,2.1,24,1.852,3,33,41
2023-03-12, 15:09:31,15.1815067,-24.694895,36,6,2,2.2,24,1.852,8,36,41
2023-03-12, 15:14:32,15.1805833,-24.69604,36,8,1.6,1.8,23,0,9,34,41
2023-03-12, 15:19:27,15.1803983,-24.6947083,58,6,2.3,2.4,23,1.852,4,36,41
2023-03-12, 15:24:32,15.1797967,-24.6949883,20,7,1.8,1.9,23,7.408,9,33,41
2023-03-12, 15:29:36,15.17896,-24.6950117,40,5,2.6,2.8,23,1.852,12,35,41
2023-03-12, 15:34:31,15.1782867,-24.69519,28,6,2,2.3,23,5.556,8,36,41
2023-03-12, 15:39:33,15.177835,-24.6954017,12,6,2.1,2.3,23,3.704,10,32,39
2023-03-12, 15:44:31,15.177015,-24.6955083,26,6,2.1,2.3,24,0,8,38,41
2023-03-12, 15:49:29,15.1763217,-24.69562,24,6,2.1,2.3,23,3.704,6,37,40
2023-03-12, 15:54:32,15.1756767,-24.695635,22,6,2.1,2.3,23,1.852,9,37,42
2023-03-12, 15:59:43,15.1751133,-24.6954667,30,6,2.1,2.3,23,1.852,20,37,41
2023-03-12, 16:04:31,15.174625,-24.6957017,28,6,2.1,2.3,22,3.704,8,37,41
2023-03-12, 16:09:30,15.17393,-24.6956033,30,6,2.1,2.3,23,0,7,37,42
2023-03-12, 16:14:50,15.1732883,-24.6957633,30,6,2.1,2.3,23,5.556,27,37,43
2023-03-12, 16:19:31,15.1728833,-24.6960633,30,6,2.1,2.2,23,0,8,36,41
2023-03-12, 16:24:31,15.1725733,-24.6964033,30,6,2,2.2,23,3.704,8,38,43
2023-03-12, 16:29:44,15.17177,-24.6992283,62,5,2.2,2.5,22,11.112,21,37,40
2023-03-12, 16:34:35,15.17464,-24.70104,78,5,2.2,2.4,22,12.964,12,37,41
2023-03-12, 16:39:59,15.1845333,-24.70051,76,5,8.3,12.5,22,25.928,36,37,41
2023-03-12, 16:44:41,15.1864083,-24.6989833,24,5,2.1,2.3,24,1.852,18,38,43
2023-03-12, 16:49:36,15.1862217,-24.6995,22,5,2.1,2.3,23,0,13,36,41
2023-03-12, 16:54:36,15.1858833,-24.69998,32,5,2.1,2.3,23,1.852,13,36,41
2023-03-12, 16:59:35,15.18552,-24.7006067,34,5,2.1,2.3,23,0,12,37,41
2023-03-12, 17:04:43,15.185255,-24.70243,-46,5,2.1,2.3,23,1.852,20,37,41
2023-03-12, 17:09:35,15.1849867,-24.7021417,32,5,2.1,2.3,22,1.852,12,37,42
2023-03-12, 17:14:31,15.1845883,-24.70442,-72,5,2.1,2.3,23,0,8,36,38
2023-03-12, 17:19:37,15.1945,-24.706245,66,5,2.1,2.3,22,27.78,14,36,41
2023-03-12, 17:24:44,15.2027817,-24.7027583,70,5,2.5,8,21,25.928,21,37,42
2023-03-12, 17:29:39,15.2125033,-24.6993183,84,5,2.2,2.4,22,31.484,16,37,41
2023-03-12, 17:34:36,15.220165,-24.696135,82,5,2.9,7.4,22,18.52,13,37,40
2023-03-12, 17:39:37,15.2302117,-24.6926783,84,5,3.3,7.4,21,29.632,14,37,41
2023-03-12, 17:44:40,15.25086,-24.7013333,72,4,7.1,9.6,22,31.484,17,37,41
2023-03-12, 17:49:44,15.269935,-24.7059033,72,4,5.1,8.4,22,31.484,21,36,41
2023-03-12, 17:55:01,15.2811,-24.6912867,110,6,1.4,3.1,22,24.076,38,37,42
2023-03-12, 17:59:25,15.292875,-24.6866983,108,6,1.3,1.6,22,31.484,2,37,41
2023-03-12, 18:04:26,15.3073467,-24.6801483,96,6,1.2,1.5,22,25.928,3,37,42
2023-03-12, 18:09:25,15.31988,-24.6745683,76,6,1.2,1.5,22,22.224,2,37,42
2023-03-12, 18:14:25,15.337075,-24.6783367,84,5,1.4,1.7,22,5.556,2,36,41
2023-03-12, 18:19:26,15.3365,-24.6787767,56,5,1.3,1.6,22,1.852,3,33,42
2023-03-12, 18:24:25,15.344845,-24.68268,108,6,1.1,1.5,21,3.704,2,34,41
2023-03-12, 18:29:29,15.354965,-24.67547,88,5,1.3,1.6,20,16.668,6,35,42
2023-03-12, 18:34:31,15.3699367,-24.676955,34,5,1.3,1.6,21,1.852,8,37,44
2023-03-12, 18:39:31,15.3696167,-24.678055,32,4,3,3.1,22,0,8,36,42
2023-03-12, 18:44:33,15.36912,-24.6790183,38,5,1.2,1.5,22,1.852,10,37,42
2023-03-12, 18:49:36,15.3686833,-24.6799567,34,5,1.2,1.5,22,0,13,34,42
2023-03-12, 18:54:33,15.3681683,-24.6807433,34,4,3.1,3.3,22,3.704,10,36,43
2023-03-12, 18:59:54,15.3676967,-24.6817717,34,6,1.5,1.8,22,0,31,35,42
2023-03-12, 19:04:26,15.3808917,-24.6780683,76,5,1.7,2,20,29.632,3,36,41
2023-03-12, 19:09:26,15.3970533,-24.67151,120,5,1.8,2,20,22.224,3,38,41
2023-03-12, 19:14:30,15.4164133,-24.67147,82,5,2.3,3.7,20,27.78,7,36,41
2023-03-12, 19:19:37,15.4302867,-24.6676017,-18,5,1.8,2,20,53.708,14,36,40
2023-03-12, 19:24:31,15.4432083,-24.6583183,172,5,1.7,2,20,42.596,8,37,42
2023-03-12, 19:29:29,15.4553367,-24.651725,90,5,1.7,1.9,20,29.632,6,37,41
2023-03-12, 19:34:26,15.4710717,-24.6460767,56,5,1.6,1.9,20,35.188,3,38,42
2023-03-12, 19:39:26,15.482855,-24.6295383,86,5,1.8,3.1,20,46.3,3,39,41
2023-03-12, 19:44:26,15.4867733,-24.6228467,62,5,1.5,1.7,20,27.78,3,36,41
2023-03-12, 19:49:25,15.4856783,-24.6132167,54,5,1.4,1.7,20,53.708,2,38,41
2023-03-12, 19:54:26,15.4901433,-24.5978283,130,5,1.3,1.6,19,25.928,3,36,42
2023-03-12, 19:59:31,15.5116733,-24.5978433,30,4,2,2.3,20,29.632,8,38,41
2023-03-12, 20:04:25,15.5319617,-24.601205,54,5,1.2,1.5,19,31.484,2,39,43
2023-03-12, 20:09:30,15.5435283,-24.5905283,132,5,1.2,1.5,19,40.744,7,38,41
2023-03-12, 20:14:30,15.5624983,-24.597715,52,5,1.2,1.5,20,53.708,7,37,40
2023-03-12, 20:19:31,15.58001,-24.6106033,-32,4,1.6,1.8,20,1.852,8,38,42
2023-03-12, 20:24:32,15.5796667,-24.6122633,12,5,1.1,1.4,20,3.704,9,37,42
2023-03-12, 20:30:01,15.5811483,-24.613205,12,9,0.8,1.2,20,0,38,34,42
2023-03-12, 20:34:23,15.5807917,-24.6145683,4,8,0.9,1.2,20,1.852,0,34,39
2023-03-12, 20:39:25,15.5804217,-24.6160917,30,5,1.5,1.8,20,1.852,2,37,42
2023-03-12, 20:44:24,15.5802,-24.6176533,-4,9,0.8,1.2,20,3.704,1,35,40
2023-03-12, 20:49:24,15.57978,-24.6191733,22,9,0.8,1.2,20,5.556,1,35,39
2023-03-12, 20:54:24,15.5792267,-24.6207033,16,9,0.8,1.2,20,3.704,1,35,42
2023-03-12, 20:59:24,15.5789233,-24.6223117,20,9,0.8,1.2,20,5.556,1,36,42
2023-03-12, 21:04:24,15.578585,-24.6235517,16,9,0.8,1.1,20,3.704,1,36,41
2023-03-12, 21:09:24,15.5814717,-24.6275033,-8,7,0.9,1.3,20,1.852,1,38,43
2023-03-12, 21:14:24,15.5809233,-24.6288517,22,9,0.8,1.1,21,5.556,1,36,42
2023-03-12, 21:19:24,15.5804667,-24.630175,16,9,0.8,1.1,20,1.852,1,36,43
2023-03-12, 21:24:24,15.5800533,-24.63154,6,9,0.8,1.1,21,3.704,1,36,41
2023-03-12, 21:29:24,15.579765,-24.6328333,6,8,0.9,1.2,21,0,1,36,42
2023-03-12, 21:34:24,15.5793717,-24.6341317,16,9,0.8,1.1,21,5.556,1,33,43
2023-03-12, 21:39:24,15.5790317,-24.6355767,0,8,0.9,1.2,21,0,1,33,41
2023-03-12, 21:44:24,15.57856,-24.6369667,0,7,1,1.3,21,3.704,1,35,41
2023-03-12, 21:49:24,15.5786217,-24.6385917,-20,4,2,2.2,21,0,1,36,41
2023-03-12, 21:54:24,15.5881167,-24.6436117,28,5,1.3,1.6,20,44.448,1,38,41
2023-03-12, 21:59:24,15.6012483,-24.6479483,6,7,1.1,1.4,20,1.852,1,37,45
2023-03-12, 22:04:24,15.600905,-24.6495683,2,5,1.8,2,20,3.704,1,37,41
2023-03-12, 22:09:24,15.6007583,-24.6508433,14,5,1.7,1.9,21,3.704,1,39,42
2023-03-12, 22:14:24,15.60054,-24.6520867,14,6,1.3,1.6,21,1.852,1,37,41
2023-03-12, 22:19:24,15.6001883,-24.6533933,22,6,1.3,1.5,21,11.112,1,35,41
2023-03-12, 22:24:24,15.5999483,-24.6546117,10,6,1.2,1.5,21,5.556,1,34,40
2023-03-12, 22:29:24,15.59955,-24.65583,24,5,1.4,1.7,21,9.26,1,36,41
2023-03-12, 22:34:31,15.599165,-24.657085,18,7,1,1.3,21,0,8,32,43
2023-03-12, 22:39:31,15.59899,-24.6581683,22,6,1.2,1.5,21,3.704,8,33,39
2023-03-12, 22:44:31,15.59867,-24.6594583,20,6,1.1,1.5,21,0,8,31,40
2023-03-12, 22:49:31,15.6012817,-24.665305,22,6,1.1,1.4,20,0,8,34,40
2023-03-12, 22:54:32,15.6024983,-24.6669233,44,5,1.3,1.6,20,1.852,9,34,44
2023-03-12, 22:59:32,15.61047,-24.6735867,36,5,1.2,1.6,20,0,9,35,41
2023-03-12, 23:04:32,15.609865,-24.6749,28,6,1.1,1.4,21,0,9,33,41
2023-03-12, 23:09:34,15.6093067,-24.676155,36,6,1.1,1.4,21,0,11,35,40
2023-03-12, 23:14:32,15.608785,-24.677255,36,5,1.2,1.6,21,0,9,35,41
2023-03-12, 23:19:33,15.6083167,-24.6782317,22,6,1.1,1.4,21,1.852,10,33,40
2023-03-12, 23:24:32,15.6076783,-24.67928,46,5,1.2,1.5,21,3.704,9,34,40
2023-03-12, 23:29:33,15.6070233,-24.68056,-26,6,1.1,1.4,21,0,10,33,41
2023-03-12, 23:34:36,15.6064583,-24.6813667,66,6,1.1,1.4,21,0,13,31,39
2023-03-12, 23:39:41,15.60619,-24.68251,30,6,1.1,1.5,21,1.852,18,33,40
2023-03-12, 23:44:41,15.60562,-24.683615,28,6,1.1,1.5,21,1.852,18,34,39
2023-03-12, 23:49:39,15.6050183,-24.684725,24,6,1.1,1.5,21,0,16,35,40
2023-03-12, 23:54:38,15.6044,-24.6857633,28,6,1.1,1.5,21,1.852,15,36,42
2023-03-12, 23:59:39,15.603925,-24.6867917,38,6,1.1,1.5,21,1.852,16,33,40
2023-03-13, 00:04:44,15.60346,-24.6878367,18,6,1.1,1.5,21,1.852,21,33,38
2023-03-13, 00:09:33,15.6029367,-24.6890867,20,5,1.2,1.6,21,0,10,34,40
2023-03-13, 00:14:45,15.6022833,-24.6900317,18,5,1.2,1.6,21,0,22,34,40
2023-03-13, 00:19:39,15.602395,-24.691305,8,5,1.2,1.6,21,3.704,16,34,39
2023-03-13, 00:24:39,15.6016917,-24.6924467,12,5,1.2,1.6,21,1.852,16,33,40
2023-03-13, 00:29:40,15.6010567,-24.6938183,6,5,1.2,1.6,21,0,17,32,40
2023-03-13, 00:34:33,15.6004717,-24.694985,30,6,1.2,1.5,21,0,10,32,41
2023-03-13, 00:39:40,15.60016,-24.6961367,-14,5,1.3,1.6,21,0,17,32,38
2023-03-13, 00:44:40,15.5998783,-24.6974767,-26,5,1.3,1.6,21,0,17,33,39
2023-03-13, 00:49:46,15.599345,-24.6988817,-48,5,1.3,1.6,21,1.852,23,32,39
2023-03-13, 00:54:46,15.5989217,-24.7002017,-12,6,1.3,1.6,21,3.704,23,31,40
2023-03-13, 00:59:39,15.5986,-24.7013117,-6,6,1.3,1.6,21,0,16,30,39
2023-03-13, 01:04:48,15.59842,-24.7024017,-16,6,1.3,1.7,21,5.556,25,31,39
2023-03-13, 01:09:37,15.597955,-24.70372,-18,6,1.4,1.7,21,1.852,14,31,41
2023-03-13, 01:14:40,15.5974217,-24.7049433,-30,5,1.6,1.9,21,1.852,17,34,40
2023-03-13, 01:19:47,15.6007083,-24.7044683,-52,5,1.7,1.9,21,18.52,24,37,41
2023-03-13, 01:24:50,15.6134633,-24.700875,-4,5,1.7,2,19,33.336,27,37,42
2023-03-13, 01:29:48,15.6286067,-24.699915,32,5,1.8,2.1,19,18.52,25,36,40
2023-03-13, 01:34:54,15.6408483,-24.6932117,58,7,0.9,1.2,20,22.224,31,36,41
2023-03-13, 01:39:32,15.654455,-24.6888517,36,7,0.9,1.2,20,31.484,9,36,40
2023-03-13, 01:44:35,15.6686067,-24.6853733,44,7,0.9,1.2,20,22.224,12,36,40
2023-03-13, 01:49:33,15.6760417,-24.6877967,22,6,1.3,1.6,20,0,10,37,43
2023-03-13, 01:54:33,15.67828,-24.6863733,26,6,1.3,1.6,20,0,10,38,43
2023-03-13, 01:59:35,15.6776567,-24.68749,26,6,1.3,1.6,20,1.852,12,36,43
2023-03-13, 02:04:25,15.677205,-24.688585,4,6,1.3,1.5,20,3.704,2,38,43
2023-03-13, 02:09:27,15.67688,-24.6896283,16,5,1.5,1.7,20,0,4,38,42
2023-03-13, 02:14:27,15.67665,-24.6906917,-2,5,1.4,1.7,20,1.852,4,34,42
2023-03-13, 02:19:26,15.6763667,-24.6919567,4,5,1.4,1.7,21,1.852,3,35,42
2023-03-13, 02:24:26,15.6760917,-24.69334,6,5,1.4,1.6,20,1.852,3,34,39
2023-03-13, 02:29:32,15.6764617,-24.6952617,724,4,1.5,1.8,20,1.852,9,35,40
2023-03-13, 02:34:27,15.6755333,-24.6957117,-4,5,1.3,1.6,21,1.852,4,38,42
2023-03-13, 02:39:36,15.6750983,-24.6971233,18,5,1.3,1.6,21,0,13,36,40
2023-03-13, 02:44:31,15.6748717,-24.6984117,6,5,1.3,1.6,21,0,8,33,39
2023-03-13, 02:49:33,15.6747567,-24.69953,-122,4,1.4,1.7,21,1.852,10,35,41
2023-03-13, 02:54:33,15.6746367,-24.700945,-46,4,1.4,1.7,21,1.852,10,36,42
2023-03-13, 02:59:33,15.6744633,-24.7023183,-36,3,2.6,2.8,21,3.704,10,33,40
2023-03-13, 03:04:32,15.67426,-24.7034,-22,5,1.3,1.6,21,0,9,34,39
2023-03-13, 03:09:32,15.6739433,-24.7046583,-66,5,1.3,1.6,21,0,9,33,38
2023-03-13, 03:14:29,15.67364,-24.7061933,0,5,1.3,1.6,21,1.852,6,32,39
2023-03-13, 03:19:33,15.67347,-24.70747,-10,4,1.4,1.7,21,0,10,35,40
2023-03-13, 03:24:32,15.6733317,-24.708685,-24,5,1.3,1.6,20,1.852,9,34,40
2023-03-13, 03:29:30,15.6732567,-24.70995,-8,6,1,1.3,21,1.852,7,29,36
2023-03-13, 03:34:32,15.6731733,-24.7109117,-50,4,1.3,1.6,21,1.852,9,35,40
2023-03-13, 03:39:32,15.6728367,-24.7124483,-12,5,1.1,1.4,21,1.852,9,31,38
2023-03-13, 03:44:27,15.672605,-24.7138367,-6,5,1.1,1.4,21,1.852,4,34,41
2023-03-13, 03:49:29,15.672415,-24.7151233,0,6,1,1.3,21,0,6,31,39
2023-03-13, 03:54:32,15.6721183,-24.71639,2,5,1.1,1.4,21,1.852,9,35,40
2023-03-13, 03:59:27,15.67209,-24.7175217,-12,5,1.1,1.4,21,0,4,34,41
2023-03-13, 04:04:26,15.67195,-24.7186067,0,5,1.1,1.4,21,1.852,3,36,42
2023-03-13, 04:09:27,15.6719133,-24.71976,0,5,1.1,1.4,21,0,4,35,41
2023-03-13, 04:14:26,15.6720117,-24.7208267,0,5,1.1,1.4,21,0,3,34,40
2023-03-13, 04:19:27,15.6722283,-24.7219483,2,5,1.1,1.4,21,0,4,35,40
2023-03-13, 04:24:27,15.672265,-24.7230683,-2,5,1.1,1.5,21,1.852,4,34,40
2023-03-13, 04:29:26,15.6739983,-24.728515,-4,6,1,1.3,20,0,3,35,43
2023-03-13, 04:34:26,15.67642,-24.7322183,6,6,1,1.3,20,1.852,3,35,39
2023-03-13, 04:39:29,15.6765133,-24.73347,-4,5,1.2,1.5,21,0,6,35,39
2023-03-13, 04:44:26,15.6764517,-24.7348383,4,6,1.1,1.4,21,0,3,35,39
2023-03-13, 04:49:27,15.6764383,-24.7363683,22,6,1.1,1.4,21,1.852,4,35,40
2023-03-13, 04:54:25,15.6766217,-24.7378033,14,6,1.2,1.4,20,0,3,35,42
2023-03-13, 04:59:27,15.6769833,-24.7388983,24,6,1,1.3,21,0,4,34,40
2023-03-13, 05:04:26,15.6771833,-24.740015,28,5,1.5,1.8,21,0,4,35,41
2023-03-13, 05:09:27,15.67767,-24.7413717,4,6,1,1.3,21,0,5,34,39
2023-03-13, 05:14:27,15.6780267,-24.7427567,10,6,1,1.4,21,1.852,5,35,42
2023-03-13, 05:19:27,15.6785133,-24.7439733,2,6,1,1.4,21,1.852,5,34,39
2023-03-13, 05:24:28,15.6789467,-24.74507,-2,6,1,1.4,20,0,6,34,39
2023-03-13, 05:29:32,15.6791917,-24.7463467,34,6,1,1.4,21,0,10,32,40
2023-03-13, 05:34:29,15.6792183,-24.747655,-14,6,1,1.4,20,0,7,26,31
2023-03-13, 05:39:29,15.6793283,-24.74879,-22,6,1,1.4,21,0,7,35,39
2023-03-13, 05:44:29,15.6796317,-24.7499133,-32,6,1,1.4,21,0,7,33,40
2023-03-13, 05:49:29,15.6799133,-24.75108,-40,6,1.1,1.4,21,1.852,7,34,39
2023-03-13, 05:54:31,15.679945,-24.75217,-44,6,1.1,1.4,21,0,9,29,36
2023-03-13, 05:59:31,15.6800817,-24.75339,-54,6,1.1,1.4,21,1.852,9,34,40
2023-03-13, 06:04:33,15.680045,-24.7545833,-18,6,1.1,1.4,21,1.852,10,32,38
2023-03-13, 06:09:31,15.6793817,-24.75672,104,5,1.3,1.6,21,0,9,30,37
2023-03-13, 06:14:26,15.68033,-24.7565617,32,6,1.8,2,21,1.852,4,32,38
2023-03-13, 06:19:27,15.6800683,-24.7578583,10,6,1.2,1.5,20,0,5,33,38
2023-03-13, 06:24:26,15.6803317,-24.7589683,-2,6,1.2,1.5,21,0,4,32,40
2023-03-13, 06:29:25,15.6839067,-24.7605783,16,7,1.1,1.4,20,0,3,37,42
2023-03-13, 06:34:25,15.68409,-24.76176,28,6,1.2,1.5,20,0,3,37,41
2023-03-13, 06:39:25,15.6843433,-24.7628217,40,6,1.2,1.5,21,0,3,34,39
2023-03-13, 06:44:25,15.6845017,-24.7639917,36,5,1.3,1.6,21,3.704,3,36,41
2023-03-13, 06:49:26,15.6944617,-24.7723483,-2,6,1.2,1.5,19,51.856,4,37,41
2023-03-13, 06:54:25,15.70266,-24.7800217,-14,6,1.2,1.5,20,1.852,3,37,42
2023-03-13, 06:59:25,15.70254,-24.7810867,0,6,1.2,1.5,20,0,3,35,41
2023-03-13, 07:04:25,15.7022633,-24.78218,-12,6,1.1,1.5,21,1.852,3,35,42
2023-03-13, 07:09:25,15.7021717,-24.78306,-18,6,1.1,1.5,21,1.852,3,35,41
2023-03-13, 07:14:25,15.7022617,-24.7839583,-48,5,1.4,1.7,21,1.852,3,34,40
2023-03-13, 07:19:25,15.70213,-24.784805,-40,6,1.1,1.4,21,0,3,32,40
2023-03-13, 07:24:26,15.7020833,-24.7857417,-40,5,1.4,1.7,21,0,4,36,39
2023-03-13, 07:29:25,15.7055417,-24.7870217,-50,6,1.2,1.5,20,0,3,37,41
2023-03-13, 07:34:25,15.7050917,-24.7879167,-28,8,0.8,1.1,21,0,3,35,42
2023-03-13, 07:39:26,15.7051367,-24.788965,-52,7,1.1,1.4,20,1.852,4,33,39
2023-03-13, 07:44:28,15.714205,-24.7933117,8,5,2.2,2.3,19,29.632,6,37,42
2023-03-13, 07:49:29,15.736285,-24.80207,34,6,1.1,1.5,19,38.892,7,36,41
2023-03-13, 07:54:28,15.75035,-24.802555,-16,4,2.6,2.8,19,33.336,6,37,41
2023-03-13, 07:59:27,15.741565,-24.802395,-108,7,1,1.4,19,0,5,35,41
2023-03-13, 08:04:25,15.743275,-24.79939,-96,7,1,1.4,20,42.596,3,39,42
2023-03-13, 08:09:25,15.74509,-24.778865,-104,7,1,1.4,19,33.336,3,38,43
2023-03-13, 08:14:25,15.75906,-24.7745233,-136,6,1.1,1.4,19,27.78,3,37,42
2023-03-13, 08:19:25,15.7748417,-24.7635467,-96,7,1,1.4,19,31.484,3,38,41
2023-03-13, 08:24:25,15.7798217,-24.7457333,-130,7,1,1.4,20,27.78,3,37,41
2023-03-13, 08:29:25,15.7905333,-24.730705,-132,7,1,1.4,20,29.632,3,38,42
2023-03-13, 08:34:25,15.7917567,-24.715385,-188,7,1,1.4,20,1.852,3,38,44
2023-03-13, 08:39:25,15.7912783,-24.71598,-192,7,1,1.4,21,0,3,36,43
2023-03-13, 08:44:31,15.7906267,-24.716785,-132,7,1,1.4,20,1.852,9,35,41
2023-03-13, 08:49:25,15.7904217,-24.7175133,-220,7,1,1.4,21,3.704,3,35,38
2023-03-13, 08:54:25,15.7896233,-24.7186133,-30,7,1.2,1.5,21,0,3,36,41
2023-03-13, 08:59:25,15.7892017,-24.7194883,4,6,1.2,1.5,21,0,3,34,41
2023-03-13, 09:04:25,15.78873,-24.720145,0,6,1.2,1.5,21,0,3,36,43
2023-03-13, 09:09:25,15.7882617,-24.72105,-6,7,1.1,1.4,21,0,3,37,42
2023-03-13, 09:14:31,15.7877783,-24.7219317,-16,7,1.1,1.4,21,0,9,35,42
2023-03-13, 09:19:25,15.7872767,-24.7221683,-138,5,1.3,1.6,21,1.852,3,37,42
2023-03-13, 09:24:25,15.787115,-24.72408,30,6,1.2,1.5,21,3.704,3,36,40
2023-03-13, 09:29:25,15.7867767,-24.7249383,2,6,1.2,1.4,20,1.852,3,35,40
2023-03-13, 09:34:25,15.7864133,-24.7258767,14,7,1.1,1.4,21,0,3,33,40
2023-03-13, 09:39:25,15.7859867,-24.7270217,24,7,1,1.3,21,5.556,3,34,41
2023-03-13, 09:44:25,15.7873183,-24.7256383,36,7,1,1.3,20,24.076,3,37,41
2023-03-13, 09:49:25,15.7927367,-24.71215,70,6,1.2,1.5,20,22.224,3,37,41
2023-03-13, 09:54:25,15.7949983,-24.69822,88,7,1,1.3,21,38.892,3,38,41
2023-03-13, 09:59:25,15.8050033,-24.69118,8,7,1,1.3,21,42.596,3,37,41
2023-03-13, 10:04:25,15.8077433,-24.6889867,-8,7,1,1.3,21,0,3,38,42
2023-03-13, 10:09:25,15.807155,-24.68978,-8,7,1,1.3,22,3.704,3,34,42
2023-03-13, 10:14:25,15.806385,-24.6909417,-72,6,1.3,1.6,22,0,3,38,42
2023-03-13, 10:19:25,15.8058067,-24.6917917,-60,7,1,1.3,22,1.852,3,36,43
2023-03-13, 10:24:24,15.8053033,-24.6927983,-54,6,1.2,1.6,22,1.852,2,40,43
2023-03-13, 10:29:25,15.8050117,-24.6938083,-28,7,1,1.3,22,0,3,38,42
2023-03-13, 10:34:25,15.8044383,-24.6946683,-40,7,1,1.3,22,0,3,38,43
2023-03-13, 10:39:24,15.8037183,-24.6955383,-28,8,0.9,1.2,22,1.852,2,36,42
2023-03-13, 10:44:25,15.8030867,-24.69641,-14,8,0.9,1.2,23,0,3,37,41
2023-03-13, 10:49:24,15.8024483,-24.697345,-12,7,1,1.3,22,0,2,38,42
2023-03-13, 10:54:25,15.8018517,-24.69824,-16,8,0.9,1.2,23,0,3,37,42
2023-03-13, 10:59:25,15.8013217,-24.69921,-24,8,0.9,1.2,22,0,3,37,43
2023-03-13, 11:04:24,15.800625,-24.70012,-20,8,0.9,1.2,22,1.852,2,37,43
2023-03-13, 11:09:25,15.8000983,-24.7008983,-10,7,1,1.3,23,3.704,3,38,41
2023-03-13, 11:14:25,15.79966,-24.7017967,-24,8,0.9,1.2,23,1.852,3,37,43
2023-03-13, 11:19:25,15.7994017,-24.7026383,-30,7,0.9,1.3,24,1.852,3,38,42
2023-03-13, 11:24:25,15.798965,-24.7034067,-16,8,0.8,1.2,23,1.852,3,37,42
2023-03-13, 11:29:25,15.798475,-24.7042117,-16,8,0.8,1.2,24,3.704,3,37,42
2023-03-13, 11:34:25,15.7981617,-24.70501,-30,7,0.9,1.3,24,0,3,37,42
2023-03-13, 11:39:25,15.7977,-24.7057683,-34,8,0.8,1.2,24,0,3,38,43
2023-03-13, 11:44:25,15.7974317,-24.7066617,-40,7,0.9,1.2,23,1.852,3,37,42
2023-03-13, 11:49:25,15.79697,-24.7075917,-40,8,0.8,1.2,23,0,3,38,42
2023-03-13, 11:54:25,15.7963,-24.7084067,-44,8,0.8,1.2,24,0,3,38,43
2023-03-13, 11:59:25,15.7956567,-24.7093267,-30,8,0.8,1.2,24,3.704,3,36,42
2023-03-13, 12:04:25,15.795015,-24.7103167,-44,9,0.8,1.2,24,1.852,3,37,43
2023-03-13, 12:09:25,15.794435,-24.7112917,-32,9,0.8,1.2,24,5.556,3,36,43
2023-03-13, 12:14:25,15.7940167,-24.7122317,-42,8,0.8,1.2,24,3.704,3,36,42
2023-03-13, 12:19:25,15.7937033,-24.713145,-48,9,0.8,1.2,24,1.852,3,37,43
2023-03-13, 12:24:25,15.793355,-24.7140933,-50,8,0.8,1.2,24,1.852,3,37,44
2023-03-13, 12:29:25,15.7929033,-24.7150083,-40,9,0.8,1.2,24,1.852,3,37,44
2023-03-13, 12:34:24,15.7925583,-24.7158867,-36,9,0.8,1.2,24,0,2,36,43
2023-03-13, 12:39:25,15.7922117,-24.7169067,-36,9,0.8,1.2,24,1.852,3,36,43
2023-03-13, 12:44:25,15.7918167,-24.7178217,-36,8,0.8,1.2,23,1.852,3,38,43
2023-03-13, 12:49:25,15.79145,-24.7186933,-36,9,0.8,1.2,24,0,3,36,43
2023-03-13, 12:54:25,15.79114,-24.7196783,-28,9,0.8,1.2,24,0,3,36,42
2023-03-13, 12:59:25,15.7908183,-24.7206,-30,8,0.8,1.2,24,1.852,3,37,43
2023-03-13, 13:04:25,15.7905033,-24.721525,-16,8,0.9,1.3,23,0,3,38,43
2023-03-13, 13:09:25,15.7903117,-24.72274,-22,8,0.8,1.2,23,0,3,37,45
2023-03-13, 13:14:25,15.7902167,-24.7238333,-2,9,0.8,1.2,23,1.852,3,35,43
2023-03-13, 13:19:25,15.7898367,-24.725005,-36,8,0.9,1.2,23,0,3,36,43
2023-03-13, 13:24:24,15.789415,-24.7260533,-16,8,0.9,1.2,24,1.852,2,36,41
2023-03-13, 13:29:25,15.7891,-24.72727,-14,9,0.7,1.1,23,3.704,3,35,42
2023-03-13, 13:34:25,15.7889717,-24.7284017,-4,9,0.8,1.1,23,1.852,3,34,42
2023-03-13, 13:39:25,15.7888317,-24.7293767,-4,8,0.8,1.1,23,1.852,3,37,43
2023-03-13, 13:44:25,15.7887167,-24.7302467,-2,7,0.9,1.2,24,1.852,3,36,44
2023-03-13, 13:49:25,15.7886167,-24.7313233,0,8,0.8,1.2,23,1.852,3,37,44
2023-03-13, 13:54:25,15.7908617,-24.7301767,44,9,0.8,1.1,23,27.78,3,37,43
2023-03-13, 13:59:25,15.7961267,-24.7142333,60,9,0.8,1.1,22,37.04,3,36,42
2023-03-13, 14:04:25,15.8069033,-24.70057,68,9,0.8,1.1,23,29.632,3,37,43
2023-03-13, 14:09:25,15.8295733,-24.7053483,28,9,0.8,1.1,23,38.892,3,37,42
2023-03-13, 14:14:25,15.8520117,-24.70368,86,9,0.8,1.1,24,35.188,3,36,42
2023-03-13, 14:19:25,15.864795,-24.70889,30,7,1.1,1.4,23,0,3,37,45
2023-03-13, 14:24:31,15.8642717,-24.7098383,-28,6,1.2,1.5,23,0,9,37,43
2023-03-13, 14:29:25,15.8651517,-24.7112583,6,7,0.9,1.2,22,0,3,36,40
2023-03-13, 14:34:25,15.8654267,-24.7122583,14,6,1.5,1.8,24,1.852,3,36,43
2023-03-13, 14:39:25,15.8657983,-24.7132133,18,7,1,1.3,23,3.704,3,36,43
2023-03-13, 14:44:25,15.8659217,-24.7140417,22,7,1,1.3,23,0,3,38,41
2023-03-13, 14:49:25,15.8659933,-24.7149567,18,8,1,1.3,22,0,3,36,43
2023-03-13, 14:54:24,15.8662283,-24.7159,6,8,0.9,1.2,22,0,2,35,41
2023-03-13, 14:59:25,15.8663967,-24.71684,8,7,1.1,1.3,22,3.704,3,37,41
2023-03-13, 15:04:24,15.8666083,-24.7177717,10,8,0.9,1.2,23,3.704,2,36,41
2023-03-13, 15:09:27,15.8669883,-24.7184733,12,7,1,1.3,23,0,5,36,41
2023-03-13, 15:14:24,15.867245,-24.7190683,4,7,1,1.3,23,1.852,2,34,40
2023-03-13, 15:19:24,15.8674083,-24.7195183,10,8,0.9,1.2,23,1.852,2,36,41
2023-03-13, 15:24:25,15.8676983,-24.7202083,28,8,0.9,1.2,23,1.852,3,35,41
2023-03-13, 15:29:25,15.867895,-24.7207033,8,8,1,1.3,23,1.852,3,35,41
2023-03-13, 15:34:25,15.8683817,-24.7215017,4,8,1,1.3,23,0,3,37,42
2023-03-13, 15:39:24,15.8685533,-24.7221117,20,8,1,1.3,22,1.852,2,35,41
2023-03-13, 15:44:24,15.8691283,-24.7228083,2,8,0.9,1.2,23,1.852,2,36,41
2023-03-13, 15:49:24,15.8694233,-24.7234067,0,8,1,1.3,23,0,2,38,41
2023-03-13, 15:54:25,15.8696867,-24.7239967,6,8,0.9,1.2,23,0,3,37,42
2023-03-13, 15:59:25,15.8699217,-24.7243883,40,9,0.9,1.2,23,1.852,3,35,42
2023-03-13, 16:04:25,15.8701533,-24.7248283,88,7,1,1.3,22,3.704,3,37,41
2023-03-13, 16:09:24,15.870275,-24.7257383,4,8,1,1.3,23,1.852,2,37,42
2023-03-13, 16:14:31,15.870575,-24.7262267,8,9,0.9,1.2,23,1.852,10,38,41
2023-03-13, 16:19:25,15.870855,-24.7267767,60,7,1.1,1.4,22,0,3,36,41
2023-03-13, 16:24:30,15.8713983,-24.727635,68,8,0.9,1.2,22,1.852,8,30,35
2023-03-13, 16:29:25,15.871895,-24.7284417,98,9,0.8,1.1,22,0,3,36,42
2023-03-13, 16:34:26,15.8836417,-24.7281983,86,9,0.8,1.1,21,29.632,4,38,42
2023-03-13, 16:39:27,15.901345,-24.71332,162,9,0.8,1.1,22,33.336,5,37,41
2023-03-13, 16:44:26,15.902735,-24.703275,108,9,0.8,1.1,21,35.188,4,38,41
2023-03-13, 16:49:27,15.91327,-24.6881083,104,9,0.8,1.2,23,1.852,6,38,44
2023-03-13, 16:54:31,15.9131417,-24.68876,140,7,0.9,1.3,22,0,10,35,42
2023-03-13, 16:59:26,15.913115,-24.6896983,82,8,0.8,1.2,23,0,4,39,44
2023-03-13, 17:04:26,15.9130517,-24.6905917,92,9,0.8,1.2,22,1.852,4,36,42
2023-03-13, 17:09:25,15.91296,-24.69148,92,9,0.8,1.2,22,1.852,3,39,43
2023-03-13, 17:14:25,15.9130733,-24.6923083,86,9,0.8,1.2,23,0,3,36,41
2023-03-13, 17:19:25,15.9131933,-24.6931633,94,8,0.8,1.2,22,3.704,3,38,42
2023-03-13, 17:24:24,15.9132833,-24.6936333,142,7,1,1.3,22,0,2,37,43
2023-03-13, 17:29:25,15.9133733,-24.6943983,106,8,0.8,1.3,22,1.852,3,39,42
2023-03-13, 17:34:25,15.913385,-24.69517,98,8,0.8,1.3,22,1.852,3,37,42
2023-03-13, 17:39:26,15.9134083,-24.6959117,132,9,0.8,1.2,22,1.852,4,37,42
2023-03-13, 17:44:25,15.9134617,-24.69661,104,8,0.8,1.2,22,3.704,3,39,44
2023-03-13, 17:49:25,15.9137017,-24.6969683,132,7,1,1.4,22,0,3,37,42
2023-03-13, 17:54:24,15.9142183,-24.697665,46,9,0.7,1.1,22,1.852,2,35,42
2023-03-13, 17:59:24,15.9143633,-24.69822,114,8,0.9,1.3,22,0,2,36,43
2023-03-13, 18:04:25,15.9147467,-24.6990367,48,7,1.1,1.4,22,3.704,3,36,41
2023-03-13, 18:09:24,15.9150583,-24.6994817,58,7,0.9,1.2,22,0,2,38,42
2023-03-13, 18:14:25,15.915245,-24.6998933,42,9,0.8,1.1,22,1.852,3,35,40
2023-03-13, 18:19:26,15.9155567,-24.7002617,42,9,0.8,1.1,22,1.852,4,34,41
2023-03-13, 18:24:25,15.9159233,-24.7004067,62,7,1,1.4,21,1.852,3,37,41
2023-03-13, 18:29:25,15.9157817,-24.7010183,30,8,0.9,1.2,21,0,3,35,41
2023-03-13, 18:34:24,15.9167167,-24.70133,70,6,1.6,1.8,21,0,2,36,41
2023-03-13, 18:39:25,15.9171483,-24.7020967,150,5,1.5,1.8,21,1.852,3,40,42
2023-03-13, 18:44:25,15.9168517,-24.7026133,64,7,1.2,1.5,22,3.704,3,36,39
2023-03-13, 18:49:24,15.9171717,-24.7031933,86,6,1.4,1.6,21,1.852,2,39,42
2023-03-13, 18:54:25,15.9173083,-24.70395,62,5,1.6,1.8,21,0,3,39,42
2023-03-13, 18:59:50,15.9169483,-24.7045983,-76,7,1,1.3,21,3.704,28,36,41
2023-03-13, 19:04:26,15.932315,-24.6992083,84,8,0.9,1.2,20,31.484,4,36,40
2023-03-13, 19:09:26,15.93338,-24.68005,88,8,0.9,1.3,20,40.744,4,37,42
2023-03-13, 19:14:25,15.9476567,-24.668975,116,8,0.9,1.3,20,27.78,3,36,41
2023-03-13, 19:19:26,15.9579517,-24.6544917,102,8,0.9,1.3,20,29.632,4,36,42
2023-03-13, 19:24:25,15.969645,-24.6387333,100,8,0.9,1.3,20,33.336,3,38,42
2023-03-13, 19:29:25,15.97116,-24.62785,74,8,1.2,1.5,21,3.704,3,36,39
2023-03-13, 19:34:26,15.97187,-24.6123867,4,6,1.3,1.6,19,48.152,5,37,41
2023-03-13, 19:39:25,15.9864533,-24.6025267,94,8,0.9,1.3,20,29.632,3,37,40
2023-03-13, 19:44:27,16.0013967,-24.59454,104,8,0.9,1.2,19,62.968,5,39,41
2023-03-13, 19:49:27,16.00579,-24.5860917,28,8,0.9,1.2,20,27.78,5,37,41
2023-03-13, 19:54:24,16.0180267,-24.5741133,70,7,1.2,1.4,20,50.004,2,38,41
2023-03-13, 19:59:24,16.025165,-24.561045,78,7,1.1,1.4,20,27.78,2,36,41
2023-03-13, 20:04:24,16.029565,-24.5474467,4,7,1.1,1.4,20,42.596,2,38,41
2023-03-13, 20:09:26,16.0401167,-24.5410683,14,7,1,1.3,20,20.372,5,36,42
2023-03-13, 20:14:24,16.0416183,-24.5406633,-36,6,1.2,1.5,20,1.852,2,39,43
2023-03-13, 20:19:24,16.0417583,-24.5415467,-16,8,0.9,1.2,20,1.852,2,36,43
2023-03-13, 20:24:27,16.0419467,-24.54246,20,8,0.9,1.2,21,1.852,6,38,43
2023-03-13, 20:29:26,16.0435067,-24.5438717,-10,9,0.8,1.2,20,0,5,38,43
2023-03-13, 20:34:26,16.0439183,-24.5450017,-12,9,0.8,1.2,20,0,5,38,44
2023-03-13, 20:39:28,16.0443433,-24.5460033,-18,8,0.9,1.2,20,1.852,7,38,42
2023-03-13, 20:44:26,16.04462,-24.54684,-10,8,0.9,1.2,21,1.852,4,36,41
2023-03-13, 20:49:26,16.0454283,-24.5478133,-10,8,0.9,1.2,20,1.852,5,37,43
2023-03-13, 20:54:26,16.0458683,-24.548635,-6,7,1,1.3,21,1.852,4,38,41
2023-03-13, 20:59:25,16.046385,-24.5495317,0,9,0.8,1.1,21,1.852,3,38,43
2023-03-13, 21:04:26,16.0466217,-24.5501967,2,9,0.8,1.1,21,1.852,4,37,42
2023-03-13, 21:09:25,16.046835,-24.551055,30,8,0.8,1.2,20,1.852,3,34,40
2023-03-13, 21:14:25,16.0471717,-24.552045,16,9,0.8,1.1,20,1.852,3,36,42
2023-03-13, 21:19:25,16.0475117,-24.5528867,14,9,0.8,1.1,21,3.704,3,35,42
2023-03-13, 21:24:25,16.04786,-24.5537117,50,8,0.8,1.2,20,0,3,34,45
2023-03-13, 21:29:26,16.0478517,-24.5538783,10,9,0.8,1.1,20,3.704,4,36,45
2023-03-13, 21:34:25,16.0481833,-24.5544517,56,7,1.2,1.5,20,1.852,3,37,42
2023-03-13, 21:39:25,16.0485667,-24.5550417,58,8,0.8,1.2,20,3.704,3,33,39
2023-03-13, 21:44:26,16.0489717,-24.5557517,32,9,0.8,1.1,21,0,5,36,40
2023-03-13, 21:49:26,16.04941,-24.5564267,26,8,0.9,1.2,21,0,4,36,41
2023-03-13, 21:54:26,16.04972,-24.5572917,30,7,1,1.2,20,1.852,4,36,43
2023-03-13, 21:59:27,16.05019,-24.5579367,34,8,0.9,1.2,21,1.852,5,36,43
2023-03-13, 22:04:26,16.0505017,-24.5585033,34,7,1.3,1.5,21,0,4,37,41
2023-03-13, 22:09:27,16.0509417,-24.5590867,26,8,0.9,1.2,21,1.852,5,35,41
2023-03-13, 22:14:26,16.0512117,-24.559695,32,8,0.8,1.2,21,0,5,36,42
2023-03-13, 22:19:26,16.0460017,-24.5591717,26,7,0.9,1.2,20,1.852,4,35,41
2023-03-13, 22:24:26,16.0463267,-24.5599333,22,7,1.1,1.4,21,0,4,38,42
2023-03-13, 22:29:26,16.0467367,-24.56038,34,8,0.8,1.2,20,1.852,4,33,44
2023-03-13, 22:34:29,16.0472567,-24.5610867,-14,5,1.4,1.6,21,1.852,7,34,41
2023-03-13, 22:39:26,16.047635,-24.56133,28,7,0.9,1.3,21,1.852,4,32,43
2023-03-13, 22:44:26,16.0480933,-24.5619233,-4,7,0.9,1.3,21,5.556,4,35,41
2023-03-13, 22:49:27,16.0484783,-24.5621667,20,6,1.1,1.5,20,0,5,37,43
2023-03-13, 22:54:31,16.048865,-24.56267,-8,6,1,1.3,20,0,9,34,41
2023-03-13, 22:59:28,16.0491417,-24.5628217,2,7,0.9,1.3,21,1.852,6,34,42
2023-03-13, 23:04:31,16.0494617,-24.5630183,8,7,0.9,1.3,20,1.852,9,35,41
2023-03-13, 23:09:32,16.04957,-24.5630033,96,6,1.1,1.4,21,0,10,36,40
2023-03-13, 23:14:28,16.0501883,-24.5635983,-20,7,0.9,1.3,21,0,6,36,44
2023-03-13, 23:19:30,16.0510683,-24.5637733,-64,6,1,1.4,20,0,8,35,40
2023-03-13, 23:24:33,16.0506433,-24.5636217,174,6,1.1,1.4,21,1.852,11,37,42
2023-03-13, 23:29:31,16.0512433,-24.564695,-42,7,1,1.4,21,0,9,36,41
2023-03-13, 23:34:37,16.0509417,-24.564945,-162,7,1,1.4,21,0,15,35,41
2023-03-13, 23:39:32,16.050925,-24.5651683,-96,7,1,1.4,21,1.852,10,35,41
2023-03-13, 23:44:37,16.0508733,-24.5655533,-72,7,1,1.4,21,1.852,15,37,42
2023-03-13, 23:49:33,16.0508433,-24.56592,-48,7,1,1.4,21,0,11,36,41
2023-03-13, 23:54:31,16.0506317,-24.5662367,4,7,1,1.4,21,0,9,35,41
2023-03-13, 23:59:32,16.0501317,-24.5665567,114,7,1,1.4,21,0,10,34,42
2023-03-14, 00:04:29,16.0501933,-24.567335,42,6,1.1,1.5,21,0,7,35,42
2023-03-14, 00:09:29,16.0498917,-24.56784,60,6,1.1,1.4,21,1.852,7,36,42
2023-03-14, 00:14:32,16.050435,-24.5693283,-308,5,1.3,1.6,21,1.852,10,34,40
2023-03-14, 00:19:26,16.049455,-24.5687567,74,6,1.1,1.4,21,0,4,34,39
2023-03-14, 00:24:33,16.049435,-24.56954,-14,6,1.1,1.4,21,1.852,11,35,40
2023-03-14, 00:29:25,16.0545567,-24.5681517,28,7,1.1,1.4,20,35.188,3,37,44
2023-03-14, 00:34:25,16.056305,-24.56817,0,6,1.2,1.5,21,0,3,36,41
2023-03-14, 00:39:26,16.0556067,-24.56834,84,6,1.1,1.4,21,1.852,4,34,42
2023-03-14, 00:44:27,16.0556483,-24.5691967,6,6,1.3,1.5,21,1.852,5,37,42
2023-03-14, 00:49:32,16.0544183,-24.5701083,48,5,1.7,1.9,21,1.852,10,35,42
2023-03-14, 00:54:25,16.0548367,-24.5702383,48,8,0.8,1.2,21,0,3,33,42
2023-03-14, 00:59:26,16.0544917,-24.57096,18,8,0.8,1.2,21,0,4,34,41
2023-03-14, 01:04:28,16.054365,-24.57142,16,5,1.6,1.8,21,0,6,35,39
2023-03-14, 01:09:25,16.0540167,-24.5720617,20,8,0.8,1.2,21,1.852,3,31,39
2023-03-14, 01:14:25,16.0540317,-24.572675,8,8,0.9,1.2,21,1.852,3,33,41
2023-03-14, 01:19:25,16.0537383,-24.5732117,-4,6,1.3,1.5,20,3.704,4,34,42
2023-03-14, 01:24:24,16.053385,-24.573685,-12,6,1.3,1.5,21,1.852,3,35,41
2023-03-14, 01:29:25,16.0535567,-24.5740567,-2,6,1.3,1.5,21,0,3,33,39
2023-03-14, 01:34:24,16.0536383,-24.5745117,-4,6,1.3,1.5,21,3.704,3,35,40
2023-03-14, 01:39:24,16.0538317,-24.574895,-10,6,1.3,1.6,21,9.26,3,36,41
2023-03-14, 01:44:25,16.053985,-24.5752383,-8,6,1.3,1.6,21,3.704,4,36,40
2023-03-14, 01:49:26,16.0541967,-24.5755817,-10,6,1.3,1.6,21,1.852,5,35,40
2023-03-14, 01:54:24,16.0544317,-24.5758167,-10,6,1.3,1.6,21,1.852,3,35,40
2023-03-14, 01:59:25,16.0545883,-24.57616,-32,5,1.7,2,21,1.852,4,33,38
2023-03-14, 02:04:32,16.0548783,-24.576895,138,5,1.5,1.7,21,1.852,10,36,39
2023-03-14, 02:09:27,16.0550617,-24.57711,-22,5,1.4,1.7,21,0,6,32,40
2023-03-14, 02:14:33,16.0552733,-24.57734,140,5,1.4,1.7,21,0,11,32,40
2023-03-14, 02:19:40,16.0569,-24.5755517,-14,5,1.4,1.6,21,0,19,34,39
2023-03-14, 02:24:33,16.0671317,-24.5652067,38,5,1.4,1.6,19,25.928,11,37,42
2023-03-14, 02:29:26,16.0647183,-24.5487833,2,5,1.3,1.6,19,22.224,5,38,42
2023-03-14, 02:34:24,16.065345,-24.52961,-8,5,1.3,1.6,20,57.412,3,37,41
2023-03-14, 02:39:24,16.0609833,-24.5129717,0,4,1.4,1.7,20,20.372,3,37,41
2023-03-14, 02:44:24,16.0573617,-24.49317,4,4,1.4,1.7,20,20.372,3,38,42
2023-03-14, 02:49:27,16.066735,-24.4947567,-22,4,1.4,1.7,20,1.852,6,37,43
2023-03-14, 02:54:24,16.0665583,-24.4951683,-34,4,1.4,1.7,21,1.852,3,36,42
2023-03-14, 02:59:24,16.06649,-24.4956717,-26,5,1.3,1.6,21,0,3,37,43
2023-03-14, 03:04:24,16.06631,-24.4962417,-30,5,1.3,1.6,21,1.852,3,37,44
2023-03-14, 03:09:24,16.06616,-24.4966917,-22,5,1.3,1.6,20,1.852,3,38,44
2023-03-14, 03:14:25,16.0660183,-24.4970667,-38,5,1.3,1.6,21,1.852,4,37,43
2023-03-14, 03:19:24,16.0659817,-24.4975067,-40,5,1.3,1.6,21,1.852,3,35,40
2023-03-14, 03:24:25,16.06577,-24.49792,-38,5,1.4,1.6,21,0,4,36,43
2023-03-14, 03:29:24,16.0656067,-24.498315,-32,6,1,1.3,20,1.852,3,36,42
2023-03-14, 03:34:24,16.0654783,-24.4987117,-38,6,1,1.3,21,0,3,35,40
2023-03-14, 03:39:26,16.0653167,-24.49922,-30,6,1,1.3,21,1.852,5,33,41
2023-03-14, 03:44:27,16.065105,-24.49966,-32,6,1,1.3,21,3.704,6,34,39
2023-03-14, 03:49:24,16.0650333,-24.4999983,-34,6,1,1.3,21,3.704,3,36,42
2023-03-14, 03:54:31,16.0647583,-24.5004767,-28,5,1.1,1.4,21,3.704,10,35,40
2023-03-14, 03:59:24,16.0646367,-24.500815,-24,6,1,1.3,21,0,3,37,43
2023-03-14, 04:04:32,16.0643083,-24.5012417,-32,5,1.1,1.4,21,0,11,35,39
2023-03-14, 04:09:31,16.0639883,-24.50157,-38,5,1.1,1.4,21,1.852,10,36,41
2023-03-14, 04:14:31,16.0637017,-24.5018333,-30,5,1.1,1.4,21,0,10,35,41
2023-03-14, 04:19:31,16.0634067,-24.5020267,-30,5,1.1,1.5,21,0,10,35,41
2023-03-14, 04:24:35,16.0631833,-24.5023233,-30,5,1.2,1.5,21,1.852,13,34,42
2023-03-14, 04:29:37,16.0629833,-24.502725,-30,6,1,1.3,21,0,16,34,41
2023-03-14, 04:34:31,16.0625767,-24.50358,-38,6,1.1,1.4,21,1.852,10,34,42
2023-03-14, 04:39:31,16.0623083,-24.5040367,-26,6,1.1,1.4,21,0,10,35,42
2023-03-14, 04:44:32,16.0620217,-24.50445,-32,6,1.1,1.4,21,1.852,11,29,39
2023-03-14, 04:49:31,16.0613633,-24.5051,-42,6,1.1,1.4,21,0,10,36,41
2023-03-14, 04:54:32,16.0608517,-24.5051267,-26,6,1.2,1.5,21,0,11,34,39
2023-03-14, 04:59:35,16.0602217,-24.5056333,-40,6,1,1.3,21,1.852,14,34,41
2023-03-14, 05:04:43,16.059465,-24.5059233,-30,6,1.3,1.5,21,0,21,35,41
2023-03-14, 05:09:31,16.0586283,-24.5063133,-14,7,0.9,1.2,21,0,10,33,38
2023-03-14, 05:14:40,16.0540667,-24.5049683,2,6,1,1.4,20,0,18,33,41
2023-03-14, 05:19:47,16.0531633,-24.5054083,-2,6,1.2,2.8,21,0,25,33,41
2023-03-14, 05:24:49,16.0523167,-24.5059217,-2,6,1,1.4,21,0,27,35,40
2023-03-14, 05:29:58,16.051435,-24.5065583,-4,6,1,1.4,21,0,36,33,39
2023-03-14, 05:34:43,16.0505633,-24.5072,-4,6,1,1.4,21,0,21,34,38
2023-03-14, 05:39:37,16.0496133,-24.5079483,-8,6,1,1.4,21,0,16,34,40
2023-03-14, 05:44:31,16.0492183,-24.5084767,-2,6,1.1,1.4,21,0,10,35,40
2023-03-14, 05:49:31,16.0484117,-24.508925,10,6,1.1,1.4,21,0,10,33,38
2023-03-14, 05:54:31,16.0475267,-24.5093067,18,6,1.1,1.4,21,1.852,10,35,40
2023-03-14, 05:59:31,16.0464817,-24.5098467,54,5,1.3,1.6,21,1.852,10,34,39
2023-03-14, 06:04:54,16.0454767,-24.51068,12,6,1.1,1.5,21,1.852,33,33,41
2023-03-14, 06:09:55,16.0444833,-24.5113383,4,7,0.9,1.3,21,0,34,33,39
2023-03-14, 06:14:25,16.0440667,-24.512205,4,6,1,1.4,21,0,4,33,37
2023-03-14, 06:19:31,16.03939,-24.5102333,-134,8,0.9,1.2,21,1.852,10,35,40
2023-03-14, 06:24:25,16.0398733,-24.5114283,22,8,0.9,1.2,21,1.852,4,36,41
2023-03-14, 06:29:25,16.03932,-24.5120433,18,8,0.8,1.2,21,0,4,35,39
2023-03-14, 06:34:24,16.0389183,-24.5127467,34,8,0.8,1.2,21,1.852,3,35,40
2023-03-14, 06:39:25,16.0386133,-24.513495,52,8,0.8,1.2,21,0,4,32,37
2023-03-14, 06:44:31,16.0379917,-24.514045,24,6,1.3,1.6,21,0,10,35,40
2023-03-14, 06:49:31,16.03694,-24.5142417,-40,7,0.9,1.3,21,0,10,35,41
2023-03-14, 06:54:31,16.037115,-24.5150783,16,6,1.3,1.6,21,0,10,36,39
2023-03-14, 06:59:31,16.0365883,-24.5154583,14,7,0.9,1.3,21,0,10,36,40
2023-03-14, 07:04:31,16.0361317,-24.5160267,0,7,0.9,1.2,21,0,10,33,37
2023-03-14, 07:09:27,16.0358317,-24.5166017,-2,7,0.9,1.2,21,0,6,35,41
2023-03-14, 07:14:26,16.03561,-24.5172383,6,7,0.9,1.2,21,1.852,5,36,41
2023-03-14, 07:19:31,16.0336433,-24.5151633,-8,7,0.9,1.2,20,1.852,10,37,43
2023-03-14, 07:24:26,16.033485,-24.5157367,-8,7,0.9,1.2,21,1.852,5,35,41
2023-03-14, 07:29:31,16.0339067,-24.51663,-18,6,1.2,1.5,21,0,10,35,40
2023-03-14, 07:34:31,16.0325117,-24.5163483,132,6,1,1.3,20,0,10,35,40
2023-03-14, 07:39:32,16.0296017,-24.5110467,48,7,0.9,1.2,20,0,11,35,42
2023-03-14, 07:44:31,16.0247083,-24.5056283,-78,6,1,1.4,21,1.852,10,36,41
2023-03-14, 07:49:24,16.0112333,-24.484445,46,9,0.8,1.1,19,53.708,3,38,41
2023-03-14, 07:54:31,15.9969083,-24.4614217,78,6,1.1,1.4,20,42.596,10,38,42
2023-03-14, 07:59:55,15.9784267,-24.43738,38,6,1.1,1.4,19,62.968,34,36,41
2023-03-14, 08:04:54,15.947835,-24.4173,40,6,1.1,1.4,19,57.412,33,38,41
2023-03-14, 08:09:23,15.9159433,-24.40549,16,7,1,1.4,20,62.968,2,37,41
2023-03-14, 08:14:24,15.859745,-24.406095,90,7,1,1.4,20,79.636,3,37,41
2023-03-14, 08:19:24,15.8014083,-24.4231217,110,7,1,1.4,20,79.636,3,37,42
2023-03-14, 08:24:24,15.7447483,-24.4307483,92,7,1,1.4,20,83.34,3,37,41
2023-03-14, 08:29:25,15.7219767,-24.4300567,14,7,1,1.4,21,1.852,4,36,41
2023-03-14, 08:34:28,15.721185,-24.4310117,16,7,1,1.4,21,0,7,33,39
2023-03-14, 08:39:29,15.72029,-24.4319567,4,6,1.1,1.4,21,0,8,33,40
2023-03-14, 08:44:26,15.7195333,-24.4330967,30,7,1,1.4,21,0,5,36,42
2023-03-14, 08:49:26,15.7190367,-24.434265,32,8,0.9,1.2,21,1.852,5,38,43
2023-03-14, 08:54:31,15.7182517,-24.4354683,62,6,1.2,1.5,21,0,10,36,42
2023-03-14, 08:59:31,15.7176717,-24.4363283,36,6,1.3,1.6,21,1.852,10,35,40
2023-03-14, 09:04:31,15.7168483,-24.4370967,10,6,1.2,1.5,21,31.484,10,38,40
2023-03-14, 09:09:31,15.6807033,-24.424505,36,6,1.2,1.5,20,74.08,10,38,41
2023-03-14, 09:14:31,15.6561883,-24.416045,-236,7,1.1,1.4,20,53.708,10,38,41
2023-03-14, 09:19:32,15.6301967,-24.4073183,42,7,1.1,1.4,20,79.636,11,37,41
2023-03-14, 09:24:28,15.6186383,-24.40444,42,6,1.1,1.4,21,1.852,7,37,41
2023-03-14, 09:29:27,15.6181483,-24.4048833,40,6,1.1,1.4,21,1.852,6,38,43
2023-03-14, 09:34:30,15.6177467,-24.4052333,36,7,1,1.3,21,1.852,9,39,42
2023-03-14, 09:39:31,15.6171733,-24.4056483,4,6,1.2,1.5,21,0,10,37,43
2023-03-14, 09:44:24,15.6165833,-24.4062183,12,7,1,1.3,21,0,3,39,43
2023-03-14, 09:49:27,15.6159483,-24.4070117,28,7,1,1.3,21,1.852,6,36,43
2023-03-14, 09:54:24,15.615465,-24.40738,18,7,1,1.3,21,1.852,3,36,43
2023-03-14, 09:59:24,15.6016233,-24.4039517,32,8,0.9,1.2,21,66.672,3,38,41
2023-03-14, 10:04:25,15.5463617,-24.420735,88,9,0.9,1.1,20,87.044,4,35,42
2023-03-14, 10:09:32,15.4908,-24.447525,152,9,0.9,1.1,20,79.636,11,37,42
2023-03-14, 10:14:24,15.4437967,-24.480575,158,9,0.8,1.1,20,68.524,3,38,41
2023-03-14, 10:19:24,15.3894017,-24.4958883,98,7,1,1.3,21,85.192,3,38,42
2023-03-14, 10:24:24,15.3473683,-24.51187,86,7,1,1.3,21,66.672,3,38,43
2023-03-14, 10:29:24,15.3248383,-24.5077383,130,7,1,1.2,22,53.708,3,39,43
2023-03-14, 10:34:32,15.2839983,-24.49743,40,8,0.9,1.2,22,83.34,11,37,42
2023-03-14, 10:39:26,15.24088,-24.5199217,154,7,1,1.3,22,70.376,5,37,42
2023-03-14, 10:44:33,15.1889233,-24.5612767,90,8,0.9,1.2,22,88.896,12,38,41
2023-03-14, 10:49:26,15.14741,-24.6016567,178,8,0.9,1.2,22,75.932,5,38,43
2023-03-14, 10:54:31,15.09355,-24.63209,48,7,0.9,1.2,22,94.452,10,37,42
2023-03-14, 10:59:32,15.0381867,-24.645225,70,6,1.3,2.9,22,90.748,11,37,41
2023-03-14, 11:04:31,14.9853317,-24.6528183,-42,7,0.9,1.2,22,98.156,10,38,42
2023-03-14, 11:09:32,14.9597633,-24.64239,282,10,0.8,1.1,23,31.484,11,39,43
2023-03-14, 11:14:32,14.9544533,-24.6419917,308,10,0.8,1.1,23,87.044,11,36,43
2023-03-14, 11:19:32,14.945255,-24.640915,-180,10,0.8,1.1,23,1.852,11,36,42
2023-03-14, 11:24:34,14.9439,-24.64025,-40,9,0.8,1.1,23,1.852,13,36,43
2023-03-14, 11:29:32,14.944595,-24.6387517,208,10,0.7,1.1,23,24.076,11,38,43
2023-03-14, 11:34:33,14.9628317,-24.645395,26,10,0.7,1.1,23,44.448,12,37,41
2023-03-14, 11:39:38,14.966375,-24.6445617,-4,6,1.5,1.7,23,3.704,17,27,42
2023-03-14, 11:44:59,14.9662683,-24.6441567,20,6,2,2.2,23,0,38,31,43
2023-03-14, 11:49:54,14.966545,-24.6437317,38,5,2.7,2.9,23,0,33,30,37
2023-03-15, 11:24:22,14.9518917,-24.67151,64,10,0.8,1.1,22,70.376,2,36,41
2023-03-15, 11:29:25,14.9712383,-24.7117517,70,10,0.8,1.1,24,61.116,5,37,41
2023-03-15, 11:34:22,14.99157,-24.729115,84,10,0.8,1.1,23,53.708,2,38,44
2023-03-15, 11:39:23,15.005195,-24.7418317,78,11,0.7,1.1,22,20.372,3,38,42
2023-03-15, 11:44:23,15.0115533,-24.7407683,42,11,0.7,1.1,23,24.076,3,38,42
2023-03-15, 11:49:22,15.0088567,-24.7126317,32,11,0.7,1.1,23,42.596,2,38,42
2023-03-15, 11:54:22,14.9952183,-24.6829883,36,10,0.8,1.1,24,46.3,2,38,44
2023-03-15, 11:59:22,14.9745267,-24.659145,56,10,0.8,1.1,24,22.224,2,37,41
2023-03-15, 18:09:55,14.97075,-24.6533183,40,6,1.2,1.5,26,50.004,35,37,42
2023-03-15, 18:15:01,14.9980783,-24.671765,60,7,0.8,1.2,26,16.668,41,37,42
2023-03-15, 18:19:22,15.0181833,-24.6877883,78,7,0.8,1.2,25,42.596,2,36,43
2023-03-15, 18:24:22,15.0381817,-24.7051917,58,6,0.9,1.3,25,31.484,2,38,41
2023-03-15, 18:29:32,15.04794,-24.725515,40,6,1.2,1.5,22,3.704,13,33,39
2023-03-15, 18:34:27,15.0501933,-24.7301683,48,6,1.2,1.5,22,62.968,8,35,40
2023-03-15, 18:39:30,15.066245,-24.741355,20,6,1.3,1.6,22,1.852,10,32,40
2023-03-15, 18:44:33,15.0658883,-24.7417783,28,6,1.3,1.6,23,3.704,13,31,39
2023-03-15, 18:49:32,15.0646867,-24.74335,-162,5,1.7,1.9,22,1.852,12,37,41
2023-03-15, 18:54:32,15.0646267,-24.7439083,-122,5,1.8,2.1,22,0,12,33,38
2023-03-15, 18:59:32,15.0646517,-24.7445133,-56,6,1.6,1.9,23,1.852,12,38,40
2023-03-15, 19:04:33,15.06538,-24.7445683,118,6,1.8,3.2,23,0,13,34,37
2023-03-15, 19:09:28,15.0642633,-24.7456317,24,6,1.4,1.6,23,3.704,8,35,41
2023-03-15, 19:14:32,15.0663717,-24.7506817,-96,6,2.1,2.3,23,1.852,12,30,37
2023-03-15, 19:19:23,15.073485,-24.757945,46,9,0.8,1.1,22,22.224,3,36,41
2023-03-15, 19:24:23,15.0876183,-24.77405,66,9,0.8,1.1,21,48.152,3,37,42
2023-03-15, 19:29:22,15.1029833,-24.7949833,50,8,1,1.3,21,44.448,2,35,40
2023-03-15, 19:34:32,15.11864,-24.8048467,62,6,1.3,1.6,21,68.524,12,37,40
2023-03-15, 19:39:34,15.1340917,-24.8195333,38,6,2.9,3,21,33.336,14,37,40
2023-03-15, 19:44:24,15.1382983,-24.8259833,52,9,0.8,1.1,20,27.78,4,37,41
2023-03-15, 19:49:26,15.1397283,-24.827185,28,6,2.1,2.3,21,77.784,6,37,41
2023-03-15, 19:54:24,15.1387317,-24.8346433,38,6,2.1,2.2,21,7.408,4,37,42
2023-03-15, 19:59:44,15.14312,-24.8321183,22,4,3.9,7.7,21,5.556,24,37,41
2023-03-15, 20:04:22,15.14314,-24.8258367,24,5,1.4,1.7,21,14.816,2,36,42
2023-03-15, 20:09:26,15.145545,-24.82068,28,5,1.4,1.6,21,0,6,36,43
2023-03-15, 20:14:32,15.1471317,-24.8214383,-124,4,1.8,2,22,0,12,37,42
2023-03-15, 20:19:32,15.1471583,-24.822345,-46,4,1.7,2,22,1.852,12,38,43
2023-03-15, 20:24:32,15.1477917,-24.823415,-72,4,1.7,2,22,0,12,36,41
2023-03-15, 20:29:32,15.1487633,-24.8250433,-38,4,1.7,1.9,22,0,12,36,42
2023-03-15, 20:34:32,15.1493117,-24.8261467,-64,4,1.6,1.9,22,1.852,12,38,43
2023-03-15, 20:39:32,15.1499167,-24.827245,-128,4,1.6,1.9,22,0,12,37,43
2023-03-15, 20:44:32,15.15058,-24.8282333,-144,4,1.6,1.8,22,0,12,37,43
2023-03-15, 20:49:32,15.1514067,-24.8293,-124,4,1.5,1.8,22,3.704,12,34,42
2023-03-15, 20:54:32,15.1522217,-24.8301233,-92,4,1.5,1.8,22,1.852,12,35,39
2023-03-15, 20:59:36,15.152725,-24.8308,-16,4,1.5,1.8,22,3.704,16,35,42
2023-03-15, 21:04:32,15.1541617,-24.83188,-138,5,1.2,1.5,22,1.852,12,34,43
2023-03-15, 21:09:35,15.15482,-24.8324417,-2,5,1.2,1.5,22,0,15,34,41
2023-03-15, 21:14:35,15.1558033,-24.833375,-10,5,1.2,1.5,22,0,15,33,40
2023-03-15, 21:19:34,15.1567767,-24.8343683,-34,5,1.2,1.5,22,0,14,33,41
2023-03-15, 21:24:32,15.15849,-24.8381733,-96,5,1.2,1.5,22,0,12,36,42
2023-03-15, 21:29:32,15.1591833,-24.839285,-64,5,1.2,1.5,22,1.852,12,33,42
2023-03-15, 21:34:32,15.1600083,-24.84047,-46,5,1.2,1.5,22,1.852,12,33,41
2023-03-15, 21:39:32,15.16109,-24.8413567,-40,5,1.2,1.5,22,1.852,12,32,40
2023-03-15, 21:44:32,15.162,-24.8422117,-16,4,1.6,1.8,23,1.852,12,33,40
2023-03-15, 21:49:34,15.1627483,-24.8433017,2,5,1.1,1.5,22,1.852,14,32,40
2023-03-15, 21:54:36,15.1635533,-24.84442,8,5,1.1,1.5,23,1.852,16,33,41
2023-03-15, 21:59:37,15.164635,-24.84537,18,5,1.1,1.5,23,3.704,17,33,43
2023-03-15, 22:04:50,15.165485,-24.8462583,8,5,1.9,5.8,22,0,30,32,39
2023-03-15, 22:09:54,15.1662117,-24.8473583,30,7,1.1,1.4,22,3.704,34,34,38
2023-03-15, 22:14:35,15.1670167,-24.848235,20,9,0.8,1.1,22,1.852,15,32,40
2023-03-15, 22:19:35,15.1678883,-24.849185,28,9,0.8,1.1,23,1.852,15,32,38
2023-03-15, 22:24:32,15.1688167,-24.8503017,28,6,1.2,1.5,23,0,12,31,36
2023-03-15, 22:29:44,15.1698233,-24.8514133,18,5,1.7,1.9,22,1.852,24,34,38
2023-03-15, 22:34:33,15.1708483,-24.8524583,20,5,1.2,1.5,22,0,13,33,39
2023-03-15, 22:39:33,15.1719533,-24.853445,22,5,1.3,1.6,23,3.704,13,36,39
2023-03-15, 22:44:34,15.1730817,-24.8543433,44,6,1.1,1.5,23,3.704,14,34,39
2023-03-15, 22:49:33,15.17451,-24.85765,18,5,1.4,1.7,22,3.704,13,34,39
2023-03-15, 22:54:40,15.1754483,-24.8586433,22,5,1.2,1.5,23,1.852,20,35,41
2023-03-15, 22:59:35,15.1763533,-24.859685,16,7,1,1.4,23,1.852,15,35,41
2023-03-15, 23:04:35,15.17745,-24.8607883,6,7,1,1.4,22,1.852,15,35,42
2023-03-15, 23:09:34,15.1784217,-24.8617017,14,8,0.9,1.2,23,0,14,36,41
2023-03-15, 23:14:44,15.1791817,-24.862605,130,5,1.2,1.5,23,1.852,24,37,42
2023-03-15, 23:19:34,15.1803017,-24.8634717,12,8,0.9,1.3,23,1.852,14,37,42
2023-03-15, 23:25:12,15.18136,-24.864615,-12,8,0.9,1.3,23,0,52,17,20
2023-03-15, 23:29:32,15.1823117,-24.8657367,-12,8,0.9,1.3,23,12.964,13,37,42
2023-03-15, 23:34:24,15.191125,-24.8896383,26,8,0.9,1.3,21,12.964,5,35,44
2023-03-15, 23:39:23,15.19984,-24.911035,88,8,0.9,1.3,20,51.856,4,36,46
2023-03-15, 23:44:23,15.2088533,-24.9343217,68,8,1,1.3,21,53.708,4,36,41
2023-03-15, 23:49:20,15.2152017,-24.962645,172,5,1.3,1.6,21,18.52,1,35,41
2023-03-15, 23:54:35,15.221935,-24.991165,102,7,1.1,1.4,21,87.044,15,37,41
2023-03-15, 23:59:31,15.227255,-25.01709,60,7,1.1,1.4,21,24.076,12,34,41
2023-03-16, 00:04:22,15.2315767,-25.056655,32,6,1.2,1.5,21,61.116,3,36,43
2023-03-16, 00:09:23,15.2385067,-25.07856,118,5,2,2.2,21,16.668,4,35,41
2023-03-16, 00:14:21,15.24437,-25.1094417,58,5,2.1,2.3,21,29.632,2,37,42
2023-03-16, 00:19:22,15.2455717,-25.1548433,36,5,1.3,1.6,22,79.636,3,36,40
2023-03-16, 00:24:22,15.2484017,-25.1821483,16,6,1.2,1.5,22,48.152,3,37,42
2023-03-16, 00:29:22,15.2531217,-25.2162467,34,6,1.2,1.5,21,77.784,3,38,43
2023-03-16, 00:34:22,15.2616317,-25.2345417,24,6,1.2,1.5,22,25.928,3,37,43
2023-03-16, 00:39:22,15.274215,-25.25831,18,6,1.2,1.5,22,3.704,3,36,44
2023-03-16, 00:44:22,15.274035,-25.2587783,24,6,1.2,1.5,22,1.852,3,37,43
2023-03-16, 00:49:22,15.2739183,-25.2592983,18,6,1.2,1.6,22,0,3,35,45
2023-03-16, 00:54:22,15.273755,-25.26003,18,6,1.3,1.6,22,1.852,3,36,44
2023-03-16, 00:59:22,15.2736783,-25.2604833,24,7,0.8,1.2,22,1.852,3,36,43
2023-03-16, 01:04:23,15.2737,-25.2610517,20,6,0.9,1.3,22,1.852,4,32,42
2023-03-16, 01:09:31,15.273295,-25.2617033,86,5,1,1.4,22,1.852,12,35,42
2023-03-16, 01:14:33,15.2733617,-25.26253,56,3,3.5,3.7,22,0,14,35,41
2023-03-16, 01:19:31,15.2735383,-25.2631083,44,5,1,1.4,22,1.852,12,37,43
2023-03-16, 01:24:26,15.2735217,-25.2635917,36,5,1,1.4,22,1.852,7,34,42
2023-03-16, 01:29:31,15.2728883,-25.26396,60,5,1,1.4,22,1.852,12,36,43
2023-03-16, 01:34:31,15.2727583,-25.2644183,40,5,1,1.4,22,0,12,34,41
2023-03-16, 01:39:31,15.2725767,-25.2650383,46,5,1,1.4,22,0,12,33,41
2023-03-16, 01:44:31,15.2723083,-25.2656433,38,5,1.1,1.4,22,0,12,36,42
2023-03-16, 01:49:31,15.27183,-25.2661883,44,5,1.1,1.4,22,0,12,34,41
2023-03-16, 01:54:31,15.2719767,-25.2675983,48,5,1.1,1.4,22,1.852,12,35,43
2023-03-16, 01:59:32,15.2717267,-25.2679117,24,4,1.2,1.5,22,0,13,31,40
2023-03-16, 02:04:31,15.2713983,-25.2683167,2,4,1.2,1.5,22,0,12,32,40
2023-03-16, 02:09:54,15.2712033,-25.2689533,22,6,1.2,1.9,22,0,35,34,41
2023-03-16, 02:14:35,15.2710133,-25.2694683,18,6,1.1,1.4,22,0,15,32,40
2023-03-16, 02:19:35,15.27082,-25.269815,18,6,1.1,1.4,22,1.852,15,33,40
2023-03-16, 02:24:55,15.2706317,-25.2702767,24,5,1.3,1.6,22,0,35,36,40
2023-03-16, 02:29:35,15.2704967,-25.2708233,12,7,1.2,1.5,22,0,15,34,40
2023-03-16, 02:34:33,15.27045,-25.2714167,-26,4,2.8,2.9,22,3.704,13,35,40
2023-03-16, 02:39:33,15.269935,-25.2718583,6,5,1.7,2,22,1.852,14,36,39
2023-03-16, 02:44:33,15.2697267,-25.27228,-2,5,1.4,1.7,22,1.852,14,38,41
2023-03-16, 02:49:33,15.2698683,-25.2728033,-10,4,2.2,2.4,22,1.852,14,35,39
2023-03-16, 02:54:32,15.2698883,-25.27331,-2,5,1.4,1.7,22,0,13,34,39
2023-03-16, 02:59:35,15.2698533,-25.2737633,4,7,1.2,1.5,22,0,15,34,40
2023-03-16, 03:04:33,15.2700217,-25.2742133,-4,4,2.9,3,22,1.852,14,35,39
2023-03-16, 03:09:39,15.2703283,-25.2746367,0,5,1.5,1.7,22,3.704,19,34,41
2023-03-16, 03:14:34,15.2704933,-25.275025,-8,5,2.8,3,22,1.852,14,37,39
2023-03-16, 03:19:36,15.2704283,-25.275285,0,6,1.3,1.5,22,1.852,17,32,40
2023-03-16, 03:24:32,15.2707983,-25.2756133,2,6,1.4,1.6,22,0,13,35,40
2023-03-16, 03:29:35,15.2712433,-25.2760033,-2,8,1,1.3,22,1.852,15,31,39
2023-03-16, 03:34:36,15.2716367,-25.27654,4,8,1,1.3,22,1.852,16,32,39
2023-03-16, 03:39:21,15.271855,-25.2771533,4,7,1.1,1.3,22,0,2,34,40
2023-03-16, 03:44:20,15.2717417,-25.2778733,28,5,1.8,2,22,0,1,33,37
2023-03-16, 03:49:20,15.2713733,-25.2782933,12,6,1.5,1.7,22,14.816,1,31,39
2023-03-16, 03:54:23,15.2711917,-25.2784717,4,7,1,1.3,22,0,4,34,41
2023-03-16, 03:59:22,15.2722483,-25.286575,14,8,0.9,1.1,22,3.704,3,32,40
2023-03-16, 04:04:23,15.2724883,-25.2867083,0,7,1,1.3,22,0,4,32,41
2023-03-16, 04:09:23,15.2727633,-25.2865083,-2,7,1,1.3,22,0,4,34,40
2023-03-16, 04:14:26,15.2729767,-25.2866833,-4,6,1.8,2.5,22,0,7,33,38
2023-03-16, 04:19:22,15.2730533,-25.2869533,2,7,1,1.3,22,3.704,3,32,38
2023-03-16, 04:24:22,15.2731583,-25.2873883,-20,6,1.1,1.4,22,3.704,3,33,39
2023-03-16, 04:29:31,15.27316,-25.2874383,16,8,0.9,1.1,22,1.852,12,32,39
2023-03-16, 04:34:21,15.2732333,-25.2875767,4,8,0.9,1.2,23,1.852,2,32,39
2023-03-16, 04:39:23,15.2732767,-25.2903167,14,10,0.7,1,22,53.708,4,37,43
2023-03-16, 04:44:24,15.2718833,-25.31614,34,7,1,1.3,21,0,5,33,42
2023-03-16, 04:49:22,15.2718383,-25.3162583,32,8,0.9,1.2,22,1.852,3,34,41
2023-03-16, 04:54:21,15.2716017,-25.3161783,34,7,1.1,1.3,22,0,2,35,39
2023-03-16, 04:59:22,15.2714183,-25.3160633,28,7,1,1.3,22,0,3,33,40
2023-03-16, 05:04:21,15.2710517,-25.3159783,38,8,0.8,1.2,22,0,2,35,42
2023-03-16, 05:09:22,15.2706933,-25.3159933,28,8,0.8,1.2,22,0,3,32,38
2023-03-16, 05:14:22,15.2703067,-25.316045,34,8,0.8,1.2,22,1.852,3,33,39
2023-03-16, 05:19:32,15.2699667,-25.3162867,26,6,1,1.3,22,0,13,34,38
2023-03-16, 05:24:29,15.2697683,-25.3165383,24,6,0.9,1.3,22,0,10,34,38
2023-03-16, 05:29:22,15.269465,-25.316975,18,8,0.8,1.2,22,1.852,3,33,39
2023-03-16, 05:34:22,15.2698333,-25.3182467,38,8,0.8,1.2,22,0,3,35,39
2023-03-16, 05:39:26,15.2695733,-25.3188333,34,6,0.9,1.3,22,0,7,34,38
2023-03-16, 05:44:31,15.2690967,-25.31925,58,6,0.9,1.3,22,1.852,12,34,38
2023-03-16, 05:49:31,15.26837,-25.3195817,30,6,1,1.4,22,0,12,34,38
2023-03-16, 05:54:31,15.2681567,-25.320045,116,6,1,1.4,22,0,12,33,37
2023-03-16, 05:59:31,15.2675467,-25.3203983,210,6,1,1.4,22,1.852,12,33,38
2023-03-16, 06:04:37,15.2663667,-25.3210733,10,9,0.7,1.1,22,1.852,18,30,37
2023-03-16, 06:09:36,15.2656517,-25.32151,20,7,0.9,1.3,22,3.704,17,31,37
2023-03-16, 06:14:45,15.26484,-25.321915,20,8,0.9,1.2,22,3.704,26,29,37
2023-03-16, 06:19:41,15.2641033,-25.32225,18,8,0.9,1.2,22,1.852,22,31,38
2023-03-16, 06:24:45,15.263275,-25.322695,4,8,0.8,1.2,22,0,26,30,37
2023-03-16, 06:29:42,15.2625867,-25.3233417,0,8,0.8,1.2,23,3.704,23,32,39
2023-03-16, 06:34:43,15.2619167,-25.3240983,-26,8,0.8,1.2,22,1.852,24,32,37
2023-03-16, 06:39:42,15.261195,-25.3246917,34,7,0.9,1.3,22,0,23,31,39
2023-03-16, 06:44:54,15.26068,-25.3252317,-22,7,1,1.3,22,0,35,30,37
2023-03-16, 06:49:31,15.2607533,-25.3304483,-100,6,1.4,1.7,22,0,12,34,39
2023-03-16, 06:54:28,15.25953,-25.33109,2,8,0.9,1.2,22,1.852,9,32,38
2023-03-16, 06:59:23,15.2589967,-25.3314883,20,7,1.1,1.4,22,1.852,4,34,39
2023-03-16, 07:04:27,15.2597817,-25.3346833,30,8,0.9,1.2,22,0,8,33,40
2023-03-16, 07:09:25,15.25951,-25.33538,36,8,1,1.3,22,0,6,33,38
2023-03-16, 07:14:36,15.258915,-25.3357367,10,8,0.9,1.2,22,1.852,17,32,38
2023-03-16, 07:19:31,15.2581117,-25.336445,2,9,0.8,1.1,22,1.852,12,33,37
2023-03-16, 07:24:31,15.25736,-25.3371183,-32,7,1,1.3,22,0,12,31,37
2023-03-16, 07:29:30,15.257265,-25.338125,20,8,1,1.3,22,20.372,11,37,40
2023-03-16, 07:34:35,15.259795,-25.33647,20,6,1.2,1.5,21,1.852,16,34,39
2023-03-16, 07:39:37,15.2606983,-25.3376367,-50,7,1,1.3,22,27.78,18,37,42
2023-03-16, 07:44:25,15.2718967,-25.33306,14,7,1.1,1.4,20,38.892,6,38,42
2023-03-16, 07:49:27,15.2854033,-25.3249817,8,7,1,1.4,21,42.596,8,37,40
2023-03-16, 07:54:32,15.2904133,-25.3135583,36,7,1,1.4,21,31.484,13,38,42
2023-03-16, 07:59:24,15.3038617,-25.3067433,34,7,1,1.4,21,44.448,5,39,42
2023-03-16, 08:04:21,15.3236767,-25.3033833,46,8,0.9,1.2,21,38.892,2,38,43
2023-03-16, 08:09:21,15.345985,-25.30606,48,8,0.8,1.2,20,29.632,2,38,41
2023-03-16, 08:14:22,15.3690783,-25.30781,54,7,1,1.3,21,44.448,3,37,42
2023-03-16, 08:19:21,15.3866133,-25.301845,40,7,1,1.3,21,29.632,2,39,43
2023-03-16, 08:24:21,15.3989617,-25.3005967,46,7,1,1.3,21,61.116,2,36,40
2023-03-16, 08:29:25,15.4148667,-25.2894683,26,7,1.1,1.4,21,24.076,6,19,23
2023-03-16, 08:34:22,15.4342833,-25.2911,30,7,1,1.3,20,29.632,3,38,41
2023-03-16, 08:39:21,15.4526633,-25.2877517,72,8,0.9,1.2,21,31.484,2,38,42
2023-03-16, 08:44:21,15.474825,-25.2877167,58,7,1,1.4,21,33.336,2,38,41
2023-03-16, 08:49:21,15.5007583,-25.3037883,26,6,1.1,1.5,21,42.596,2,38,42
2023-03-16, 08:54:31,15.5301483,-25.3233867,226,6,1,1.4,22,40.744,12,38,41
2023-03-16, 08:59:31,15.5619817,-25.3307433,240,6,1,1.4,22,46.3,12,37,41
2023-03-16, 09:04:31,15.59446,-25.3382767,224,6,1,1.4,22,53.708,12,38,41
2023-03-16, 09:09:22,15.6164867,-25.3460367,-56,8,0.9,1.3,21,44.448,3,37,42
2023-03-16, 09:14:24,15.6336733,-25.35134,-70,6,1.2,1.5,21,3.704,6,36,42
2023-03-16, 09:19:36,15.631085,-25.3533,400,6,1.2,1.5,22,1.852,17,34,40
2023-03-16, 09:24:22,15.637425,-25.356075,-26,8,0.9,1.3,21,37.04,3,37,41
2023-03-16, 09:29:39,15.6508717,-25.351435,186,7,1.1,1.4,21,37.04,20,37,41
2023-03-16, 09:34:22,15.6590083,-25.3374617,12,9,0.8,1.1,21,42.596,4,38,42
2023-03-16, 09:39:22,15.673495,-25.3272983,-36,9,0.9,1.2,21,27.78,4,37,41
2023-03-16, 09:44:22,15.6924567,-25.3274067,-52,9,0.8,1.2,22,29.632,3,37,43
2023-03-16, 09:49:22,15.7105667,-25.3201133,-38,8,0.9,1.2,22,35.188,3,38,41
2023-03-16, 09:54:32,15.726565,-25.3091017,-4,7,0.9,1.3,22,40.744,14,37,42
2023-03-16, 09:59:32,15.738835,-25.30705,-62,6,1,1.4,22,1.852,13,36,42
2023-03-16, 10:04:32,15.7373067,-25.3075083,-58,6,1,1.3,22,0,13,38,43
2023-03-16, 10:09:22,15.7358467,-25.3081917,-98,8,0.9,1.2,22,1.852,3,35,41
2023-03-16, 10:14:31,15.73494,-25.3081483,156,6,1,1.4,22,0,12,38,42
2023-03-16, 10:19:22,15.7330417,-25.3095233,-98,9,0.8,1.1,22,3.704,3,35,41
2023-03-16, 10:24:22,15.73156,-25.3102667,-108,7,0.9,1.3,22,1.852,3,37,42
2023-03-16, 10:29:23,15.7303933,-25.3108717,-94,8,0.8,1.2,22,0,4,36,43
2023-03-16, 10:34:22,15.7423117,-25.3088183,-24,9,0.8,1.1,23,48.152,3,38,42
2023-03-16, 10:39:22,15.7465317,-25.3108817,-62,8,0.8,1.2,22,22.224,3,39,42
2023-03-16, 10:44:23,15.7474033,-25.3085417,-82,8,0.8,1.2,22,0,4,37,44
2023-03-16, 10:49:23,15.7457867,-25.3092117,-86,8,0.8,1.2,22,1.852,4,36,41
2023-03-16, 10:54:25,15.7446283,-25.3094167,-92,8,0.9,1.2,22,1.852,7,24,27
2023-03-16, 10:59:35,15.74313,-25.3099233,-76,7,0.9,1.3,22,0,16,30,38
2023-03-16, 11:04:22,15.7415683,-25.30454,-38,8,0.9,1.2,22,24.076,3,38,42
2023-03-16, 11:09:23,15.74147,-25.2815167,-54,8,0.9,1.2,21,48.152,4,38,43
2023-03-16, 11:14:22,15.750735,-25.26771,-6,8,0.9,1.2,21,31.484,3,37,42
2023-03-16, 11:19:23,15.7582417,-25.25439,-2,8,0.9,1.2,22,42.596,4,37,41
2023-03-16, 11:24:22,15.773235,-25.26472,22,9,0.8,1.2,23,53.708,3,37,41
2023-03-16, 11:29:23,15.7809017,-25.2824183,0,9,0.8,1.2,22,40.744,4,36,41
2023-03-16, 11:34:23,15.78948,-25.2932383,-8,9,0.8,1.2,23,16.668,4,37,41
2023-03-16, 11:39:23,15.7876117,-25.294765,-36,8,0.9,1.2,22,1.852,4,38,42
2023-03-16, 11:44:24,15.7888533,-25.29628,-70,8,0.9,1.2,23,1.852,5,37,41
2023-03-16, 11:49:24,15.7871667,-25.2963867,-68,8,0.9,1.2,23,0,5,36,41
2023-03-16, 11:54:24,15.785465,-25.2964133,-60,7,0.9,1.2,23,1.852,5,36,42
2023-03-16, 11:59:25,15.7835183,-25.2965383,-48,7,0.9,1.2,23,0,6,33,42
2023-03-16, 12:04:24,15.7820717,-25.29678,46,7,0.9,1.2,24,1.852,5,37,42
2023-03-16, 12:09:21,15.78021,-25.29719,54,8,0.9,1.2,23,0,2,36,41
2023-03-16, 12:14:21,15.7784483,-25.2977217,54,7,0.9,1.2,23,0,2,37,43
2023-03-16, 12:19:21,15.7766283,-25.2983033,64,8,0.9,1.2,23,1.852,2,37,44
2023-03-16, 12:24:23,15.774595,-25.2987983,76,7,0.9,1.3,22,1.852,4,36,43
2023-03-16, 12:29:23,15.772635,-25.2992533,108,8,0.9,1.2,23,0,4,37,41
2023-03-16, 12:34:23,15.7707783,-25.299765,114,8,0.9,1.2,23,1.852,4,36,44
2023-03-16, 12:39:27,15.7687933,-25.3001017,144,7,1.3,1.6,23,3.704,8,37,43
2023-03-16, 12:44:32,15.767075,-25.3007583,100,6,1.4,1.7,23,1.852,13,36,43
2023-03-16, 12:49:42,15.7656417,-25.3015033,16,8,0.9,1.3,24,0,23,35,43
2023-03-16, 12:54:45,15.76391,-25.3021,-10,8,1,1.3,23,1.852,26,35,42
2023-03-16, 12:59:36,15.7624933,-25.3028817,-68,7,1.3,1.6,24,1.852,17,36,43
2023-03-16, 13:04:31,15.7614633,-25.304045,-168,6,1.1,1.4,24,0,12,37,43
2023-03-16, 13:09:31,15.7586633,-25.3039967,-38,6,1.4,1.7,24,3.704,12,35,42
2023-03-16, 13:14:31,15.7569333,-25.304535,-56,6,1.4,1.7,24,3.704,12,36,43
2023-03-16, 13:19:31,15.7549617,-25.30504,-72,6,1.4,1.6,24,0,12,33,42
2023-03-16, 13:24:35,15.75269,-25.3053433,-30,6,1.4,1.6,24,1.852,16,34,41
2023-03-16, 13:29:32,15.7508567,-25.3060867,-58,6,1.2,1.5,24,1.852,13,31,41
2023-03-16, 13:34:27,15.74864,-25.306685,-4,7,1.1,1.4,23,3.704,8,34,41
2023-03-16, 13:39:31,15.746685,-25.3073117,72,6,1.1,1.4,23,0,12,34,41
2023-03-16, 13:44:25,15.74449,-25.3079967,-12,7,1.1,1.4,24,1.852,6,35,43
2023-03-16, 13:49:31,15.7426867,-25.3085567,102,6,1.2,1.5,23,0,12,35,40
2023-03-16, 13:54:31,15.7407717,-25.309165,114,7,1.1,1.4,23,0,12,32,40
2023-03-16, 13:59:28,15.7385767,-25.3098,-8,7,1.2,1.4,23,1.852,9,34,40
2023-03-16, 14:04:31,15.73633,-25.309595,78,6,1.3,1.6,22,1.852,12,33,39
2023-03-16, 14:09:21,15.73455,-25.311265,0,7,1.2,1.5,23,5.556,2,36,43
2023-03-16, 14:14:34,15.73249,-25.311985,34,7,1.2,1.5,23,3.704,15,35,40
2023-03-16, 14:19:33,15.7311667,-25.3130533,216,6,1.3,1.6,23,3.704,14,37,42
2023-03-16, 14:24:34,15.72911,-25.3143167,-16,6,1.7,1.9,23,1.852,16,32,39
2023-03-16, 14:29:54,15.7266183,-25.314675,28,8,1,1.3,23,0,36,37,41
2023-03-16, 14:34:24,15.7353033,-25.3187017,70,8,1,1.3,23,53.708,5,37,42
2023-03-16, 14:39:24,15.7459967,-25.3066417,78,8,1,1.3,24,31.484,5,35,41
2023-03-16, 14:44:28,15.7511633,-25.3040867,30,6,1.2,1.5,24,3.704,9,35,39
2023-03-16, 14:49:23,15.7494083,-25.30497,32,9,0.9,1.2,23,1.852,4,35,42
2023-03-16, 14:54:23,15.74742,-25.3061117,28,8,1.1,1.3,23,3.704,4,37,42
2023-03-16, 14:59:23,15.7454133,-25.3072233,22,8,1.1,1.3,22,3.704,4,34,40
2023-03-16, 15:04:22,15.743335,-25.3082167,32,7,1.1,1.4,23,3.704,3,35,41
2023-03-16, 15:09:22,15.7411833,-25.309195,34,9,0.9,1.2,23,1.852,3,35,40
2023-03-16, 15:14:25,15.739325,-25.3100717,46,4,3,3.1,23,3.704,6,36,41
2023-03-16, 15:19:24,15.73691,-25.3109033,30,9,0.8,1.1,23,3.704,5,34,40
2023-03-16, 15:24:25,15.7345267,-25.3117,26,8,0.9,1.2,23,3.704,6,37,41
2023-03-16, 15:29:22,15.7324083,-25.3127867,30,11,0.7,1,23,0,3,34,41
2023-03-16, 15:34:22,15.730245,-25.3138117,36,9,0.9,1.1,23,1.852,3,36,42
2023-03-16, 15:39:24,15.728115,-25.314675,32,10,0.8,1.1,23,3.704,5,34,41
2023-03-16, 15:44:28,15.7260383,-25.31561,22,9,0.9,1.2,23,1.852,9,34,40
2023-03-16, 15:49:22,15.7239467,-25.3164633,24,9,0.9,1.2,23,1.852,3,36,40
2023-03-16, 15:54:32,15.721605,-25.3173333,24,9,0.9,1.2,23,1.852,13,34,40
2023-03-16, 15:59:22,15.7195367,-25.3183117,24,6,1.3,1.6,23,3.704,3,36,41
2023-03-16, 16:04:31,15.7170417,-25.3191217,22,10,0.8,1.1,23,0,12,35,41
2023-03-16, 16:09:24,15.714765,-25.3200967,14,7,1.2,1.5,23,1.852,5,37,40
2023-03-16, 16:14:21,15.7124,-25.320935,24,7,1.2,1.5,23,1.852,2,38,42
2023-03-16, 16:19:21,15.7097883,-25.3219617,22,6,1.3,1.6,23,1.852,2,37,41
2023-03-16, 16:24:21,15.707425,-25.323055,10,7,1.2,1.5,23,3.704,2,35,40
2023-03-16, 16:29:21,15.7051033,-25.324095,28,7,1.2,1.5,23,1.852,2,35,40
2023-03-16, 16:34:22,15.7027383,-25.3251983,18,8,0.9,1.2,23,1.852,3,35,41
2023-03-16, 16:39:33,15.7002217,-25.3262133,32,10,0.7,1.1,23,3.704,15,36,42
2023-03-16, 16:44:21,15.697895,-25.327215,20,7,1,1.3,23,1.852,2,35,40
2023-03-16, 16:49:23,15.69557,-25.3284233,46,9,0.8,1.2,23,3.704,4,35,40
2023-03-16, 16:54:22,15.6931967,-25.3296633,42,8,0.9,1.3,23,3.704,3,37,43
2023-03-16, 16:59:22,15.6908917,-25.330915,-16,9,0.8,1.2,23,1.852,3,32,37
2023-03-16, 17:04:21,15.6880033,-25.3321917,34,10,0.7,1.1,23,3.704,2,36,41
2023-03-16, 17:09:21,15.6857133,-25.3334283,-16,8,0.8,1.2,22,3.704,2,38,41
2023-03-16, 17:14:22,15.6866,-25.3374867,80,11,0.7,1,22,20.372,3,37,41
2023-03-16, 17:19:22,15.6944667,-25.331215,68,11,0.7,1,22,27.78,3,36,40
2023-03-16, 17:24:21,15.7016217,-25.3176883,94,9,0.8,1.2,23,33.336,2,37,41
2023-03-16, 17:29:22,15.7118583,-25.3084367,54,10,0.7,1.1,23,24.076,3,37,42
2023-03-16, 17:34:21,15.70977,-25.3092117,16,10,0.7,1.1,23,3.704,2,37,42
2023-03-16, 17:39:21,15.707255,-25.31012,-34,7,0.9,1.3,23,0,2,38,42
2023-03-16, 17:44:22,15.704825,-25.3109667,48,9,0.8,1.1,22,3.704,3,38,41
2023-03-16, 17:49:25,15.7021517,-25.31179,38,9,0.8,1.1,22,1.852,7,36,41
2023-03-16, 17:54:22,15.6996833,-25.3126433,48,10,0.7,1.1,22,1.852,3,35,42
2023-03-16, 17:59:21,15.6971133,-25.313625,38,8,0.8,1.1,22,1.852,2,36,42
2023-03-16, 18:04:21,15.69461,-25.3146967,54,9,0.7,1.1,22,0,2,34,41
2023-03-16, 18:09:21,15.692025,-25.3157517,48,9,0.7,1.1,22,1.852,2,36,41
2023-03-16, 18:14:22,15.69036,-25.3168183,186,8,0.9,1.2,22,1.852,3,35,40
2023-03-16, 18:19:23,15.687505,-25.3185033,54,9,0.8,1.1,22,1.852,5,33,39
2023-03-16, 18:24:21,15.6852067,-25.3191283,122,7,1,1.3,22,1.852,2,36,41
2023-03-16, 18:29:22,15.6827783,-25.32034,104,7,1,1.3,22,0,3,38,42
2023-03-16, 18:34:21,15.6804667,-25.3212833,132,5,1.3,1.6,22,0,2,37,39
2023-03-16, 18:39:21,15.6778867,-25.3224933,102,6,1.1,1.4,22,3.704,2,38,41
2023-03-16, 18:44:22,15.6752517,-25.323835,58,6,1.1,1.4,22,5.556,3,38,42
2023-03-16, 18:49:21,15.6727383,-25.32497,56,7,1,1.3,22,3.704,2,38,42
2023-03-16, 18:54:21,15.670265,-25.326255,48,8,0.8,1.2,22,1.852,2,35,40
2023-03-16, 18:59:22,15.6678267,-25.3273033,56,7,1,1.3,22,1.852,3,33,39
2023-03-16, 19:04:21,15.6654067,-25.328565,50,7,1,1.3,22,3.704,2,39,42
2023-03-16, 19:09:22,15.662875,-25.329525,50,8,0.8,1.2,22,3.704,3,37,40
2023-03-16, 19:14:21,15.6634867,-25.3290267,84,8,0.8,1.2,21,22.224,2,37,43
2023-03-16, 19:19:21,15.67046,-25.325595,96,9,0.8,1.1,21,61.116,2,37,40
2023-03-16, 19:24:21,15.6662183,-25.3229767,34,8,0.9,1.2,21,5.556,2,35,39
2023-03-16, 19:29:41,15.66379,-25.324,38,7,1,1.3,22,3.704,22,29,36
2023-03-16, 19:34:20,15.6669733,-25.312595,80,9,0.8,1.1,20,44.448,2,37,41
2023-03-16, 19:39:20,15.6793183,-25.3083967,72,9,0.8,1.1,20,50.004,2,37,41
2023-03-16, 19:44:21,15.6873317,-25.299,100,8,0.8,1.2,20,48.152,2,38,41
2023-03-16, 19:49:21,15.7048683,-25.3093933,100,7,0.9,1.3,20,22.224,2,38,41
2023-03-16, 19:54:20,15.714755,-25.2995183,112,6,2,2.2,21,20.372,2,38,41
2023-03-16, 19:59:32,15.7260283,-25.2977517,-6,8,0.9,1.6,21,22.224,13,34,41
2023-03-16, 20:04:22,15.727715,-25.2980083,38,7,1,1.4,21,27.78,3,37,42
2023-03-16, 20:09:21,15.7336017,-25.2918083,104,7,1,1.4,20,33.336,3,37,41
2023-03-16, 20:14:22,15.730825,-25.28136,64,7,1.2,1.5,20,40.744,3,38,41
2023-03-16, 20:19:22,15.7296983,-25.2675667,60,9,0.8,1.1,20,25.928,3,36,40
2023-03-16, 20:24:22,15.7352383,-25.2598133,62,9,0.8,1.1,21,20.372,3,37,40
2023-03-16, 20:29:23,15.744445,-25.251285,84,9,0.8,1.1,21,42.596,4,36,41
2023-03-16, 20:34:22,15.750835,-25.244295,54,9,0.8,1.1,21,22.224,3,37,43
2023-03-16, 20:39:22,15.7441767,-25.2379383,22,9,0.8,1.1,21,5.556,3,38,43
2023-03-16, 20:44:22,15.7424583,-25.2388783,6,9,0.8,1.1,21,3.704,3,38,44
2023-03-16, 20:49:22,15.7409483,-25.2396183,28,9,0.8,1.1,22,1.852,3,38,43
2023-03-16, 20:54:22,15.7393967,-25.2404,20,9,0.8,1.1,21,3.704,3,37,42
2023-03-16, 20:59:21,15.7379383,-25.2412333,22,9,0.8,1.1,21,1.852,3,37,42
2023-03-16, 21:04:21,15.7363267,-25.2421583,24,9,0.8,1.1,21,1.852,3,37,43
2023-03-16, 21:09:21,15.7347267,-25.2432167,30,9,0.8,1.1,22,3.704,3,36,42
2023-03-16, 21:14:21,15.7333583,-25.2439733,36,10,0.7,1.1,21,0,3,36,43
2023-03-16, 21:19:21,15.730095,-25.2432833,40,10,0.7,1.1,21,5.556,3,36,41
2023-03-16, 21:24:21,15.7286167,-25.243945,60,10,0.7,1.1,21,3.704,3,36,43
2023-03-16, 21:29:20,15.7231833,-25.2423633,60,8,0.8,1.2,21,1.852,2,36,43
2023-03-16, 21:34:21,15.7188633,-25.2405283,40,10,0.7,1.1,21,3.704,3,37,44
2023-03-16, 21:39:21,15.717415,-25.24123,50,10,0.7,1.1,22,1.852,3,37,42
2023-03-16, 21:44:21,15.716045,-25.2418767,40,10,0.7,1.1,22,0,3,36,42
2023-03-16, 21:49:21,15.71453,-25.2425683,50,10,0.7,1.1,22,1.852,3,35,42
2023-03-16, 21:54:21,15.71344,-25.2430917,54,10,0.7,1.1,21,5.556,3,35,43
2023-03-16, 21:59:21,15.71217,-25.243565,48,10,0.7,1.1,22,1.852,3,35,43
2023-03-16, 22:04:21,15.710595,-25.24405,66,8,1,1.3,22,0,3,37,42
2023-03-16, 22:09:22,15.70919,-25.2447983,44,9,0.8,1.1,22,1.852,4,35,42
2023-03-16, 22:14:21,15.70834,-25.2453983,84,9,0.8,1.1,22,1.852,3,34,42
2023-03-16, 22:19:21,15.706995,-25.246315,48,8,0.9,1.2,22,0,3,36,42
2023-03-16, 22:24:22,15.706015,-25.2470917,62,6,1.2,1.5,22,1.852,4,35,42
2023-03-16, 22:29:22,15.7050983,-25.2479767,48,7,1,1.3,22,1.852,4,36,42
2023-03-16, 22:34:23,15.70426,-25.2486333,38,8,0.9,1.2,22,1.852,5,35,41
2023-03-16, 22:39:21,15.7032417,-25.24922,54,10,0.7,1.1,22,0,3,33,41
2023-03-16, 22:44:21,15.7022467,-25.2501167,10,5,1.1,1.5,22,0,3,34,42
2023-03-16, 22:49:21,15.701445,-25.2506833,0,10,0.7,1.1,22,0,3,35,42
2023-03-16, 22:54:21,15.7006517,-25.2512933,4,8,1,1.3,22,0,3,34,40
2023-03-16, 22:59:23,15.6994817,-25.251905,20,9,0.9,1.2,22,1.852,5,34,40
2023-03-16, 23:04:31,15.6984383,-25.252595,40,7,0.9,1.3,22,0,13,30,41
2023-03-16, 23:09:21,15.6973467,-25.2533917,6,9,0.8,1.2,22,1.852,3,33,40
2023-03-16, 23:14:21,15.695945,-25.2539483,2,9,0.8,1.2,22,0,3,35,41
2023-03-16, 23:19:21,15.69485,-25.2546867,0,9,0.8,1.2,22,0,3,36,41
2023-03-16, 23:24:21,15.6898833,-25.2568933,4,9,0.8,1.2,21,1.852,3,37,41
2023-03-16, 23:29:21,15.6887817,-25.2575383,6,10,0.7,1.1,21,1.852,3,35,42
2023-03-16, 23:34:21,15.6877,-25.258255,0,9,0.8,1.2,22,1.852,3,33,38
2023-03-16, 23:39:21,15.6867217,-25.2590617,-16,8,0.9,1.2,21,0,3,35,41
2023-03-16, 23:44:21,15.6856767,-25.25982,-12,7,1.1,1.4,21,0,3,36,40
2023-03-16, 23:49:21,15.6847217,-25.26054,2,9,0.8,1.1,22,0,3,34,38
2023-03-16, 23:54:20,15.68363,-25.2613417,2,7,0.9,1.2,22,1.852,2,36,40
2023-03-16, 23:59:21,15.682515,-25.2621517,6,9,0.8,1.1,22,1.852,3,32,38
2023-03-17, 00:04:55,15.6810833,-25.2629,4,10,0.8,1.1,22,1.852,37,33,41
2023-03-17, 00:09:22,15.680375,-25.2634317,4,10,0.8,1.1,22,0,4,34,41
2023-03-17, 00:14:26,15.6793617,-25.2639333,6,11,0.7,1,22,0,8,35,42
2023-03-17, 00:19:23,15.6783717,-25.2644583,12,10,0.8,1.1,22,1.852,5,33,42
2023-03-17, 00:24:23,15.6775683,-25.2650483,4,10,0.8,1.1,22,1.852,5,33,41
2023-03-17, 00:29:23,15.6766283,-25.2655133,10,9,0.9,1.2,22,0,5,36,42
2023-03-17, 00:34:23,15.6757833,-25.2661433,6,10,0.8,1.1,22,0,5,33,41
2023-03-17, 00:39:24,15.6750933,-25.2668117,4,10,0.8,1.1,22,0,6,34,42
2023-03-17, 00:44:31,15.6746033,-25.2676267,10,9,0.8,1.1,22,1.852,13,32,39
2023-03-17, 00:49:23,15.6736433,-25.2682917,10,10,0.8,1.1,22,1.852,5,35,41
2023-03-17, 00:54:24,15.672745,-25.2691217,8,11,0.7,1,22,1.852,6,30,39
2023-03-17, 00:59:55,15.671655,-25.2696333,22,12,0.7,0.9,22,1.852,37,33,41
2023-03-17, 01:04:20,15.671075,-25.270225,22,9,1,1.2,22,5.556,2,35,40
2023-03-17, 01:09:20,15.670585,-25.27123,20,9,1,1.2,22,3.704,2,34,42
2023-03-17, 01:14:20,15.6696083,-25.2720467,22,9,1,1.2,22,1.852,2,31,39
2023-03-17, 01:19:20,15.6685283,-25.2729083,28,10,0.8,1.1,22,1.852,2,34,42
2023-03-17, 01:24:20,15.6674683,-25.27388,52,8,1.1,1.3,22,5.556,2,35,42
2023-03-17, 01:29:20,15.6664433,-25.2748183,34,9,1,1.2,22,0,2,34,40
2023-03-17, 01:34:20,15.6661317,-25.276835,26,8,1,1.3,22,1.852,2,34,39
2023-03-17, 01:39:20,15.6651633,-25.2777033,24,10,0.9,1.1,22,0,2,34,41
2023-03-17, 01:44:20,15.6640433,-25.2786233,30,8,1,1.3,22,5.556,2,35,41
2023-03-17, 01:49:20,15.6628983,-25.27942,24,9,0.9,1.2,22,7.408,2,36,41
2023-03-17, 01:54:20,15.6618817,-25.2801717,10,9,0.9,1.2,22,3.704,2,35,42
2023-03-17, 01:59:20,15.6607017,-25.2811783,24,8,1,1.3,22,0,2,31,36
2023-03-17, 02:04:20,15.659605,-25.2822567,10,9,0.9,1.2,22,3.704,2,30,35
2023-03-17, 02:09:20,15.65846,-25.28339,12,8,1,1.3,22,0,2,35,39
2023-03-17, 02:14:20,15.657245,-25.28433,6,9,0.9,1.2,22,3.704,2,34,38
2023-03-17, 02:19:20,15.6560017,-25.2854117,8,10,0.8,1.1,22,3.704,2,30,35
2023-03-17, 02:24:20,15.6548967,-25.2866683,6,9,0.9,1.2,22,0,2,36,39
2023-03-17, 02:29:20,15.6537183,-25.288105,14,9,0.9,1.2,22,1.852,2,35,39
2023-03-17, 02:34:20,15.6526733,-25.2894967,18,8,1,1.3,22,0,2,33,38
2023-03-17, 02:39:20,15.6513717,-25.2906033,0,9,0.9,1.2,22,0,2,35,39
2023-03-17, 02:44:21,15.6501383,-25.2919233,0,8,1,1.3,22,1.852,3,35,38
2023-03-17, 02:49:20,15.6490667,-25.2931733,12,9,0.8,1.2,22,0,2,36,42
2023-03-17, 02:54:21,15.6478283,-25.294365,-6,9,0.8,1.2,22,0,3,32,37
2023-03-17, 02:59:20,15.6464267,-25.2954783,-4,10,0.8,1.1,22,0,2,33,38
2023-03-17, 03:04:21,15.6469417,-25.302065,2,7,1.1,1.4,21,5.556,3,34,41
2023-03-17, 03:09:21,15.645575,-25.3028217,4,10,0.8,1.1,22,0,3,35,41
2023-03-17, 03:14:22,15.6441183,-25.3038767,-12,8,1,1.3,22,3.704,4,28,35
2023-03-17, 03:19:23,15.6428783,-25.304915,-6,9,0.9,1.2,22,1.852,5,31,40
2023-03-17, 03:24:21,15.6416033,-25.3058283,2,7,1.1,1.4,22,1.852,3,34,40
2023-03-17, 03:29:31,15.6403167,-25.30662,8,8,1,1.3,22,1.852,13,34,40
2023-03-17, 03:34:20,15.6390883,-25.30738,8,7,1.1,1.4,22,1.852,2,34,38
2023-03-17, 03:39:28,15.6376267,-25.307955,-14,10,0.8,1.1,22,1.852,10,27,31
2023-03-17, 03:44:25,15.6364867,-25.308675,-2,10,0.8,1.1,22,1.852,7,34,41
2023-03-17, 03:49:28,15.6353367,-25.3093083,-10,8,0.9,1.2,22,1.852,10,32,39
2023-03-17, 03:54:26,15.63428,-25.3100467,-4,8,1,1.3,22,3.704,8,32,39
2023-03-17, 03:59:22,15.6332817,-25.3107067,2,8,1,1.3,22,1.852,4,24,29
2023-03-17, 04:04:21,15.6322067,-25.3114,0,8,1,1.3,22,1.852,3,30,35
2023-03-17, 04:09:21,15.6311833,-25.3122133,8,7,1.3,1.5,22,0,3,35,38
2023-03-17, 04:14:20,15.6302567,-25.312845,10,9,0.9,1.2,22,1.852,2,34,39
2023-03-17, 04:19:20,15.6291067,-25.3136783,20,9,1,1.3,22,1.852,2,35,42
2023-03-17, 04:24:20,15.628,-25.314805,22,9,0.9,1.2,22,0,2,33,37
2023-03-17, 04:29:22,15.62687,-25.31568,30,8,1,1.3,22,3.704,4,38,43
2023-03-17, 04:34:22,15.62578,-25.3165483,22,8,1.1,1.4,22,0,4,23,27
2023-03-17, 04:39:20,15.624545,-25.31718,22,10,0.8,1.1,22,9.26,2,35,40
2023-03-17, 04:44:21,15.6317833,-25.3113717,62,10,0.8,1.1,20,25.928,3,36,41
2023-03-17, 04:49:20,15.6443317,-25.3054117,48,10,0.8,1,20,40.744,2,37,40
2023-03-17, 04:54:20,15.6537867,-25.2911367,58,10,0.7,1,20,31.484,2,37,40
2023-03-17, 04:59:20,15.6574583,-25.2700333,60,10,0.8,1.1,20,31.484,2,38,42
2023-03-17, 05:04:21,15.669165,-25.252515,58,9,0.8,1.1,21,24.076,3,36,41
2023-03-17, 05:09:20,15.67637,-25.2396317,52,8,0.9,1.2,21,1.852,2,38,42
2023-03-17, 05:14:20,15.6748067,-25.2406717,56,9,0.8,1.1,21,0,2,35,41
2023-03-17, 05:19:20,15.67335,-25.2416283,52,9,0.8,1.1,21,0,2,35,42
2023-03-17, 05:24:21,15.6720817,-25.2427833,42,9,0.8,1.1,21,3.704,3,36,41
2023-03-17, 05:29:21,15.670865,-25.2438633,36,9,0.8,1.1,21,1.852,3,37,42
2023-03-17, 05:34:20,15.6696617,-25.2450917,42,8,0.9,1.2,21,3.704,2,36,41
2023-03-17, 05:39:20,15.6682633,-25.246165,36,9,0.8,1.1,21,3.704,2,28,31
2023-03-17, 05:44:21,15.666845,-25.2474,20,8,0.9,1.2,22,3.704,3,35,40
2023-03-17, 05:49:21,15.66563,-25.2487917,38,7,1,1.3,21,1.852,3,36,41
2023-03-17, 05:54:20,15.6642617,-25.249975,20,8,1,1.2,22,0,2,34,40
2023-03-17, 05:59:21,15.66285,-25.2511717,32,7,1,1.3,22,3.704,3,38,41
2023-03-17, 06:04:22,15.6616683,-25.252515,36,6,1.1,1.4,22,1.852,4,35,41
2023-03-17, 06:09:55,15.66032,-25.2539133,-2,8,0.9,1.2,22,0,37,28,38
2023-03-17, 06:14:32,15.6589333,-25.2539067,-4,9,0.9,1.1,21,3.704,14,31,36
2023-03-17, 06:19:22,15.657925,-25.2563783,6,9,0.8,1.2,22,3.704,4,30,36
2023-03-17, 06:24:21,15.6565683,-25.2579067,20,8,1.1,1.4,22,3.704,3,35,40
2023-03-17, 06:29:34,15.655365,-25.2591933,0,8,0.9,1.2,22,3.704,16,31,37
2023-03-17, 06:34:23,15.654275,-25.2604967,4,6,1,1.4,22,0,5,32,41
2023-03-17, 06:39:21,15.6532233,-25.2618983,12,8,0.9,1.2,22,1.852,3,34,41
2023-03-17, 06:44:28,15.6518317,-25.263205,12,7,1,1.3,22,1.852,10,31,37
2023-03-17, 06:49:23,15.6507017,-25.2643283,4,6,1.2,1.5,22,1.852,5,33,39
2023-03-17, 06:54:20,15.64975,-25.2654817,14,7,0.9,1.2,21,0,2,33,39
2023-03-17, 06:59:22,15.64856,-25.2667683,14,8,0.9,1.2,22,0,4,33,39
2023-03-17, 07:04:24,15.6470767,-25.2678533,12,7,1,1.3,22,1.852,6,34,38
2023-03-17, 07:09:32,15.64567,-25.2687733,0,8,0.9,1.1,22,0,14,29,37
2023-03-17, 07:14:23,15.64466,-25.2694667,0,5,1.6,1.9,22,1.852,5,32,38
2023-03-17, 07:19:41,15.6433817,-25.269895,-12,9,0.8,1.1,22,1.852,23,30,38
2023-03-17, 07:24:28,15.6417917,-25.2701617,-14,8,0.9,1.1,22,3.704,10,27,36
2023-03-17, 07:29:31,15.641325,-25.2710383,10,8,0.8,1.5,22,20.372,13,38,42
2023-03-17, 07:34:31,15.6439033,-25.262665,-34,9,0.8,1.1,21,0,14,33,40
2023-03-17, 07:39:28,15.6430183,-25.2635667,-20,6,1.3,3.1,22,0,11,30,36
2023-03-17, 07:44:31,15.6485933,-25.2632183,42,6,1.1,1.5,20,40.744,14,37,42
2023-03-17, 07:49:20,15.649145,-25.2520233,22,7,1,1.4,20,24.076,2,37,41
2023-03-17, 07:54:31,15.6557267,-25.2412217,56,6,1.1,1.4,20,9.26,13,38,42
2023-03-17, 07:59:22,15.6574117,-25.23016,8,7,1,1.4,20,40.744,5,38,41
2023-03-17, 08:04:20,15.66618,-25.2140783,28,7,1,1.4,20,25.928,2,38,42
2023-03-17, 08:09:20,15.6695083,-25.205175,-24,7,1,1.4,21,0,2,30,34
2023-03-17, 08:14:20,15.6698917,-25.2059217,-14,7,1,1.3,22,0,2,37,43
2023-03-17, 08:19:31,15.6703967,-25.2067233,-58,6,1.1,1.4,22,1.852,13,34,38
2023-03-17, 08:24:37,15.6705317,-25.2074933,-22,6,1.5,3.5,22,0,19,35,40
2023-03-17, 08:29:23,15.67195,-25.2044317,6,6,1,1.4,21,42.596,5,37,42
2023-03-17, 08:34:24,15.6715317,-25.180015,38,6,1,1.4,20,59.264,6,37,40
2023-03-17, 08:39:23,15.6742883,-25.1558867,48,5,1.2,1.5,20,33.336,5,35,41
2023-03-17, 08:44:29,15.6725383,-25.130935,106,4,5.7,16.6,20,24.076,11,35,41
2023-03-17, 08:49:41,15.6706917,-25.1031233,52,5,1.2,1.5,20,31.484,23,37,41
2023-03-17, 08:54:45,15.666115,-25.069485,34,5,1.2,1.5,21,27.78,27,37,40
2023-03-17, 08:59:55,15.67946,-25.0409767,90,8,1.2,2.2,21,50.004,37,37,41
2023-03-17, 09:04:21,15.6852767,-25.01547,72,9,0.9,1.2,21,48.152,3,38,41
2023-03-17, 09:09:21,15.67399,-24.9884233,68,8,1.1,1.4,21,38.892,3,39,42
2023-03-17, 09:14:21,15.6656,-24.968375,14,10,0.9,1.2,22,11.112,3,35,44
2023-03-17, 09:19:31,15.66675,-24.9690667,-34,8,1,1.3,22,1.852,14,33,40
2023-03-17, 09:24:20,15.6677483,-24.9701267,22,9,1,1.3,22,0,2,34,39
2023-03-17, 09:29:21,15.66875,-24.971105,24,9,1,1.3,22,0,3,35,40
2023-03-17, 09:34:23,15.6697467,-24.972035,26,7,0.9,1.2,22,0,6,31,40
2023-03-17, 09:39:20,15.67058,-24.9729383,36,8,1,1.3,22,3.704,2,36,40
2023-03-17, 09:44:21,15.6713117,-24.9738983,30,9,1,1.2,22,1.852,3,36,39
2023-03-17, 09:49:20,15.6720967,-24.9749483,34,8,1,1.3,22,3.704,2,37,42
2023-03-17, 09:54:31,15.6697517,-24.9658317,-116,11,1.1,1.3,21,29.632,14,38,41
2023-03-17, 09:59:21,15.6831567,-24.9526167,102,9,0.9,1.2,21,27.78,3,37,41
2023-03-17, 10:04:20,15.6966067,-24.9340933,58,9,0.9,1.1,22,33.336,2,36,41
2023-03-17, 10:09:20,15.6833933,-24.9096883,66,10,0.8,1.1,22,46.3,2,37,41
2023-03-17, 10:14:20,15.68784,-24.8895433,60,10,0.8,1.1,22,1.852,2,37,43
2023-03-17, 10:19:20,15.6924817,-24.8696933,72,10,0.8,1.1,21,38.892,2,36,42
2023-03-17, 10:24:20,15.6971567,-24.8579333,28,10,0.8,1.1,21,35.188,2,37,42
2023-03-17, 10:29:20,15.7112983,-24.8407233,-2,9,0.9,1.2,21,0,2,38,43
2023-03-17, 10:34:20,15.7120967,-24.84078,20,9,0.9,1.2,22,3.704,2,38,43
2023-03-17, 10:39:21,15.7129383,-24.84082,12,9,0.9,1.2,22,0,3,37,42
2023-03-17, 10:44:21,15.7138983,-24.8410483,10,9,0.8,1.2,22,1.852,3,37,41
2023-03-17, 10:49:21,15.7149,-24.841205,12,10,0.8,1.1,22,1.852,3,34,41
2023-03-17, 10:54:21,15.71588,-24.841215,6,9,0.8,1.2,22,0,3,37,42
2023-03-17, 10:59:21,15.7167883,-24.8414367,2,9,0.8,1.2,22,3.704,3,36,41
2023-03-17, 11:04:23,15.716455,-24.8392667,10,9,0.8,1.2,22,1.852,5,35,41
2023-03-17, 11:09:23,15.7201833,-24.83768,36,9,0.8,1.2,22,51.856,5,37,41
2023-03-17, 11:14:23,15.7194267,-24.8338967,28,9,0.8,1.2,21,64.82,5,37,43
2023-03-17, 11:19:22,15.7188783,-24.8358083,40,10,0.7,1.1,21,40.744,4,37,42
2023-03-17, 11:24:23,15.7154233,-24.828715,86,10,0.7,1.1,21,29.632,5,37,42
2023-03-17, 11:29:22,15.7162467,-24.8186783,58,11,0.7,1.1,21,20.372,4,37,42
2023-03-17, 11:34:22,15.7219067,-24.8065233,48,11,0.7,1.1,20,38.892,4,37,42
2023-03-17, 11:39:22,15.7162417,-24.792235,74,10,0.8,1.2,20,22.224,4,37,41
2023-03-17, 11:44:22,15.7158333,-24.7727933,108,11,0.7,1.1,20,29.632,4,37,41
2023-03-17, 11:49:22,15.7049417,-24.7462117,46,10,0.8,1.2,21,48.152,4,38,42
2023-03-17, 11:54:22,15.6941767,-24.720335,138,10,0.8,1.2,21,29.632,4,37,41
2023-03-17, 11:59:22,15.6514533,-24.706435,54,9,0.9,1.2,21,70.376,4,36,42
2023-03-17, 12:04:24,15.5991617,-24.7062717,100,10,0.7,1.1,21,24.076,6,36,42
2023-03-17, 12:09:21,15.59043,-24.70016,36,8,0.8,1.2,22,1.852,3,35,43
2023-03-17, 12:14:22,15.590635,-24.7004567,32,10,0.7,1.1,22,1.852,4,37,44
2023-03-17, 12:19:23,15.590665,-24.70067,30,10,0.7,1.1,22,1.852,5,37,42
2023-03-17, 12:24:26,15.5907,-24.7008917,24,9,0.8,1.1,23,0,8,34,40
2023-03-17, 12:29:21,15.5907683,-24.7010717,10,8,0.9,1.2,23,0,3,38,44
2023-03-17, 12:34:25,15.5907633,-24.7015033,16,9,0.8,1.1,23,0,7,35,42
2023-03-17, 12:39:21,15.5908917,-24.70148,8,7,1,1.3,23,0,3,35,42
2023-03-17, 12:44:37,15.59036,-24.701665,188,8,0.8,1.2,23,1.852,20,36,41
2023-03-17, 12:49:24,15.59051,-24.7017633,6,8,0.9,1.2,23,3.704,6,20,23
2023-03-17, 12:54:21,15.5814167,-24.6967367,30,8,0.9,1.2,22,72.228,3,37,44
2023-03-17, 12:59:22,15.53504,-24.681445,68,8,0.9,1.2,22,83.34,4,36,43
2023-03-17, 13:04:21,15.4889433,-24.669675,104,9,0.8,1.2,23,59.264,3,37,44
2023-03-17, 13:09:22,15.43305,-24.6644483,82,8,0.9,1.2,23,64.82,4,36,42
2023-03-17, 13:14:21,15.3743983,-24.6690483,102,8,0.9,1.2,23,51.856,3,37,43
2023-03-17, 13:19:23,15.3292767,-24.6844383,208,6,1.3,1.6,24,81.488,6,38,41
2023-03-17, 13:24:26,15.2766233,-24.6993133,214,7,0.9,1.2,24,77.784,8,37,42
2023-03-17, 13:29:28,15.21806,-24.7176883,138,7,0.9,1.2,22,83.34,10,37,42
2023-03-17, 13:34:28,15.16422,-24.7342533,180,7,0.9,1.2,23,98.156,11,37,42
2023-03-17, 13:39:37,15.0997217,-24.7478333,122,7,0.9,1.2,24,96.304,19,38,42
2023-03-17, 13:44:32,15.0471217,-24.7499433,94,7,0.9,1.2,25,83.34,14,37,43
2023-03-17, 13:49:44,15.0136067,-24.72519,42,6,1,1.3,26,46.3,26,37,43
2023-03-17, 13:54:44,14.9765233,-24.6996533,26,6,1,1.3,26,62.968,26,38,43
2023-03-17, 13:59:32,14.9769367,-24.690935,48,7,0.9,1.2,27,31.484,14,37,43
2023-03-17, 14:04:31,14.96586,-24.6654583,76,8,0.9,1.2,27,55.56,14,37,43
2023-03-17, 14:09:39,14.9646017,-24.6445033,58,6,1,2.4,27,81.488,21,38,42
2023-03-17, 14:14:54,14.9662367,-24.64426,50,6,1.1,1.4,27,0,37,29,47
2023-03-17, 14:19:55,14.9664283,-24.6439833,50,6,1.1,1.4,28,0,37,31,47
2023-03-17, 14:24:22,14.966425,-24.64396,50,5,1.8,2,28,0,4,34,47
2023-03-17, 14:29:32,14.966435,-24.6439267,46,5,1.7,2,28,0,14,35,47
